pitch_id,inning,ball_count,plate_x_ft,plate_y_ft,strikezone_top,strikezone_btm,vy0,vz0,vx0,z0,y0,x0,ax,ay,az,batter_stance,plate_z_ft,is_batter_home,home_score,away_score,strike,ball,out,base1,base2,base3,pitcher_id,pitcher_stance,pitcher_team_code,pitcher_name,batter_id,batter_team_code,batter_lineup_pos,batter_name,is_throwing_stretch,pitch_type,pitch_speed_kph,pitch_result,is_outside_boundary,zone_5x5_id,pa_result_long,pa_result_short,pa_result_base1,pa_result_base2,pa_result_base3,pa_result_runs
250924_183018,1,1,-0.406232,0.7083,3.15,1.528,-130.484,-4.89358,2.41697,6.31731,50.0,-0.562434,-10.2414,28.4057,-12.7801,L,3.3308,False,0,0,0,1,0,0,0,0,53375,R,SS,후라도,50500,LT,1,황성빈,False,직구,146,B,True,52,중견수 앞 1루타,중안,1,0,0,0
250924_183033,1,2,-0.012896,0.7083,3.15,1.528,-131.343,-7.32088,3.26641,6.19553,50.0,-0.444486,-11.0351,30.0133,-13.5142,L,2.2005,False,0,0,1,1,0,0,0,0,53375,R,SS,후라도,50500,LT,1,황성빈,False,직구,145,T,False,33,중견수 앞 1루타,중안,1,0,0,0
250924_183049,1,3,-0.324728,0.7083,3.15,1.528,-121.507,-3.33129,5.75643,5.94093,50.0,-1.08218,-18.7129,25.4575,-26.7492,L,2.0213,False,0,0,1,1,0,0,0,0,53375,R,SS,후라도,50500,LT,1,황성빈,False,체인지업,136,H,False,22,중견수 앞 1루타,중안,1,0,0,0
250924_183129,1,1,-1.29885,0.7083,3.457,1.677,-120.225,-0.625775,2.95658,6.00856,50.0,-1.18226,-15.0387,25.2036,-29.4297,L,2.9413,False,0,0,0,1,0,1,0,0,53375,R,SS,후라도,69517,LT,2,고승민,True,체인지업,134,B,True,41,유격수 앞 땅볼로 출루,유땅,2,0,0,0
250924_183149,1,2,-0.635334,0.7083,3.457,1.677,-126.653,-4.01065,1.88543,6.10543,50.0,-0.960679,-5.33841,26.634,-23.4567,L,2.4528,False,0,0,1,1,0,1,0,0,53375,R,SS,후라도,69517,LT,2,고승민,True,커터,141,T,False,32,유격수 앞 땅볼로 출루,유땅,2,0,0,0
250924_183215,1,3,-0.309489,0.7083,3.457,1.677,-131.139,-2.81392,3.48027,6.3496,50.0,-0.572746,-14.2555,31.688,-15.7323,L,3.9593,False,0,0,1,1,0,1,0,0,53375,R,SS,후라도,69517,LT,2,고승민,True,직구,146,H,True,52,유격수 앞 땅볼로 출루,유땅,2,0,0,0
250924_183302,1,1,-0.26429,0.7083,3.579,1.736,-133.298,-3.17514,3.24772,6.17722,50.0,-0.698593,-10.9494,34.8206,-14.5734,L,3.7814,False,0,0,0,1,1,2,0,0,53375,R,SS,후라도,54529,LT,3,레이예스,True,직구,148,B,True,52,중견수 플라이 아웃,중비,2,0,0,0
250924_183320,1,2,-0.417082,0.7083,3.579,1.736,-126.684,-2.67682,0.491027,6.31605,50.0,-0.700882,1.03148,25.1025,-22.4929,L,3.3107,False,0,0,1,1,1,2,0,0,53375,R,SS,후라도,54529,LT,3,레이예스,True,커터,142,S,False,42,중견수 플라이 아웃,중비,2,0,0,0
250924_183342,1,3,-1.16147,0.7083,3.579,1.736,-121.01,-3.90151,4.14654,5.75899,50.0,-1.18242,-19.185,26.2863,-28.0768,L,1.4278,False,0,0,2,1,1,2,0,0,53375,R,SS,후라도,54529,LT,3,레이예스,True,체인지업,135,S,False,11,중견수 플라이 아웃,중비,2,0,0,0
250924_183407,1,4,-0.191668,0.7083,3.579,1.736,-132.261,-4.80845,3.66746,6.21552,50.0,-0.570032,-13.8184,31.0858,-14.9504,L,3.1336,False,0,0,2,1,1,2,0,0,53375,R,SS,후라도,54529,LT,3,레이예스,True,직구,148,H,False,43,중견수 플라이 아웃,중비,2,0,0,0
250924_183452,1,1,0.089323,0.7083,3.389,1.644,-131.842,-4.45374,3.68356,6.18095,50.0,-0.522101,-10.8462,28.8557,-13.8435,R,3.3274,False,0,0,1,0,2,2,0,0,53375,R,SS,후라도,78513,LT,4,전준우,True,직구,148,F,False,43,투수 땅볼 아웃 (투수->1루수 송구아웃),투땅,2,0,0,0
250924_183519,1,2,1.07616,0.7083,3.389,1.644,-131.291,-6.33693,9.30243,5.77921,50.0,-0.864307,-22.2058,28.3761,-25.3554,R,1.2498,False,0,0,1,1,2,2,0,0,53375,R,SS,후라도,78513,LT,4,전준우,True,투심,146,B,True,15,투수 땅볼 아웃 (투수->1루수 송구아웃),투땅,2,0,0,0
250924_183544,1,3,-0.164052,0.7083,3.389,1.644,-132.12,-4.20675,5.53088,5.96946,50.0,-0.848705,-19.4225,25.6629,-24.0159,R,2.455,False,0,0,1,1,2,2,0,0,53375,R,SS,후라도,78513,LT,4,전준우,True,투심,148,H,False,33,투수 땅볼 아웃 (투수->1루수 송구아웃),투땅,2,0,0,0
250924_183755,1,1,-0.265077,0.7083,3.287,1.594,-128.798,-5.10901,1.4726,5.9862,50.0,-0.066224,-9.89207,25.7657,-14.2904,R,2.7497,True,0,0,0,0,0,0,0,0,69594,R,LT,박진,52415,SS,1,이재현,False,직구,144,H,False,42,좌익수 뒤 홈런 (홈런거리:110M),좌홈,0,0,0,1
250924_183843,1,1,1.21366,0.7083,2.996,1.453,-127.413,-6.36491,4.48299,5.91333,50.0,-0.084499,-6.29979,27.5955,-13.1407,L,2.1911,True,1,0,0,1,0,0,0,0,69594,R,LT,박진,67449,SS,2,김성윤,False,직구,143,B,True,35,우익수 앞 1루타,우안,2,0,0,0
250924_183859,1,2,0.104929,0.7083,2.996,1.453,-112.326,-3.721,0.040061,5.99774,50.0,-0.120054,1.94954,22.7819,-33.4737,L,0.6046,True,1,0,0,1,0,0,0,0,69594,R,LT,박진,67449,SS,2,김성윤,False,슬라이더,125,H,True,13,우익수 앞 1루타,우안,2,0,0,0
250924_183938,1,1,0.455988,0.7083,3.548,1.721,-113.401,-5.02411,1.02335,5.98722,50.0,-0.222867,2.04238,23.1986,-35.3901,L,-0.1284,True,1,0,0,1,0,2,0,0,69594,R,LT,박진,62404,SS,3,구자욱,True,슬라이더,127,B,True,14,2루수 플라이 아웃,2비,0,0,0,0
250924_184025,1,2,0.663322,0.7083,3.548,1.721,-128.04,-5.82472,3.61347,5.95634,50.0,-0.01174,-9.62174,27.526,-12.3928,L,2.5437,True,1,0,0,1,0,2,0,0,69594,R,LT,박진,62404,SS,3,구자욱,True,직구,143,H,False,34,2루수 플라이 아웃,2비,0,0,0,0
250924_184118,1,1,0.237218,0.7083,3.545,1.719,-113.469,-2.39704,0.490074,6.11209,50.0,-0.11399,1.26439,20.058,-34.3756,L,1.3854,True,1,0,0,1,2,0,0,0,69594,R,LT,박진,54400,SS,4,디아즈,False,슬라이더,127,B,False,14,좌익수 플라이 아웃,좌비,0,0,0,0
250924_184135,1,2,-1.17885,0.7083,3.545,1.719,-128.975,-1.79105,-0.243893,6.01979,50.0,-0.233873,-10.5814,29.0284,-16.5519,L,3.9264,True,1,0,0,2,2,0,0,0,69594,R,LT,박진,54400,SS,4,디아즈,False,직구,144,B,True,51,좌익수 플라이 아웃,좌비,0,0,0,0
250924_184153,1,3,-0.216936,0.7083,3.545,1.719,-113.869,-0.202263,-1.25748,6.22307,50.0,-0.105009,4.45528,23.0957,-32.8847,L,2.6414,True,1,0,1,2,2,0,0,0,69594,R,LT,박진,54400,SS,4,디아즈,False,슬라이더,127,T,False,33,좌익수 플라이 아웃,좌비,0,0,0,0
250924_184209,1,4,-0.790477,0.7083,3.545,1.719,-117.893,1.86901,-0.266454,6.21195,50.0,-0.097623,-5.99218,24.9774,-34.0685,L,3.6691,True,1,0,1,3,2,0,0,0,69594,R,LT,박진,54400,SS,4,디아즈,False,포크,131,B,True,51,좌익수 플라이 아웃,좌비,0,0,0,0
250924_184229,1,5,0.670525,0.7083,3.545,1.719,-113.942,-2.65974,1.06286,6.05857,50.0,0.035237,1.54222,20.0785,-30.975,L,1.6045,True,1,0,2,3,2,0,0,0,69594,R,LT,박진,54400,SS,4,디아즈,False,슬라이더,127,F,False,14,좌익수 플라이 아웃,좌비,0,0,0,0
250924_184256,1,6,-0.244625,0.7083,3.545,1.719,-129.101,-5.57532,1.90707,5.86144,50.0,-0.170658,-10.4798,28.3315,-15.9125,L,2.2946,True,1,0,2,3,2,0,0,0,69594,R,LT,박진,54400,SS,4,디아즈,False,직구,144,H,False,22,좌익수 플라이 아웃,좌비,0,0,0,0
250924_184512,2,1,0.234561,0.7083,3.446,1.671,-124.026,-3.69444,2.85144,6.43658,50.0,-0.71402,-2.72819,25.4332,-23.3252,R,2.8095,False,1,0,1,0,0,0,0,0,53375,R,SS,후라도,52591,LT,5,윤동희,False,커터,138,T,False,33,삼진 아웃,삼진,0,0,0,0
250924_184526,2,2,0.217614,0.7083,3.446,1.671,-131.464,-3.87618,3.81265,6.27434,50.0,-0.418031,-11.1739,30.2732,-16.1725,R,3.4442,False,1,0,2,0,0,0,0,0,53375,R,SS,후라도,52591,LT,5,윤동희,False,직구,147,F,False,43,삼진 아웃,삼진,0,0,0,0
250924_184548,2,3,0.222677,0.7083,3.446,1.671,-131.023,-8.14264,3.69231,6.11148,50.0,-0.404166,-10.6754,27.9633,-13.2885,R,1.8107,False,1,0,3,0,0,0,0,0,53375,R,SS,후라도,52591,LT,5,윤동희,False,직구,147,T,False,23,삼진 아웃,삼진,0,0,0,0
250924_184618,2,1,-0.271043,0.7083,3.459,1.678,-131.509,-5.7174,3.04764,6.16825,50.0,-0.479959,-12.812,30.5032,-15.1992,L,2.6815,False,1,0,1,0,1,0,0,0,53375,R,SS,후라도,51551,LT,6,나승엽,False,직구,147,T,False,32,삼진 아웃,삼진,0,0,0,0
250924_184633,2,2,-0.013098,0.7083,3.459,1.678,-126.036,-1.74246,2.57293,6.30142,50.0,-0.719063,-4.13801,26.581,-23.3657,L,3.5678,False,1,0,1,1,1,0,0,0,53375,R,SS,후라도,51551,LT,6,나승엽,False,커터,140,B,True,53,삼진 아웃,삼진,0,0,0,0
250924_184651,2,3,-0.179485,0.7083,3.459,1.678,-132.906,-4.35871,2.52296,6.22308,50.0,-0.380864,-10.318,31.1767,-16.1929,L,3.244,False,1,0,2,1,1,0,0,0,53375,R,SS,후라도,51551,LT,6,나승엽,False,직구,148,F,False,43,삼진 아웃,삼진,0,0,0,0
250924_184713,2,4,0.832277,0.7083,3.459,1.678,-120.699,-5.03248,3.16676,6.13296,50.0,-0.626573,1.12083,26.1133,-34.1296,L,0.7208,False,1,0,3,1,1,0,0,0,53375,R,SS,후라도,51551,LT,6,나승엽,False,슬라이더,135,S,True,15,삼진 아웃,삼진,0,0,0,0
250924_184745,2,1,-0.240597,0.7083,3.325,1.613,-133.276,-5.90631,3.03273,6.19814,50.0,-0.538566,-11.6562,33.5789,-15.1116,R,2.6887,False,1,0,1,0,2,0,0,0,53375,R,SS,후라도,68205,LT,7,전민재,False,직구,149,F,False,32,유격수 땅볼 아웃 (유격수->1루수 송구아웃),유땅,0,0,0,0
250924_184804,2,2,-0.371741,0.7083,3.325,1.613,-132.464,-5.45982,1.63273,6.21908,50.0,-0.40384,-7.98699,28.1803,-11.9197,R,3.143,False,1,0,2,0,2,0,0,0,53375,R,SS,후라도,68205,LT,7,전민재,False,직구,148,S,False,42,유격수 땅볼 아웃 (유격수->1루수 송구아웃),유땅,0,0,0,0
250924_184823,2,3,1.56228,0.7083,3.325,1.613,-122.962,-3.32077,5.29201,6.11,50.0,-0.443172,-2.4444,26.1974,-31.3932,R,1.8475,False,1,0,2,1,2,0,0,0,53375,R,SS,후라도,68205,LT,7,전민재,False,슬라이더,137,B,True,25,유격수 땅볼 아웃 (유격수->1루수 송구아웃),유땅,0,0,0,0
250924_184839,2,4,0.944885,0.7083,3.325,1.613,-121.572,-5.12405,2.93119,6.04725,50.0,-0.465235,1.8767,24.6203,-33.1951,R,0.775,False,1,0,2,1,2,0,0,0,53375,R,SS,후라도,68205,LT,7,전민재,False,슬라이더,136,H,True,15,유격수 땅볼 아웃 (유격수->1루수 송구아웃),유땅,0,0,0,0
250924_185102,2,1,-0.288237,0.7083,3.349,1.624,-115.398,-1.91027,-0.239155,6.19157,50.0,-0.197105,0.157008,22.4052,-30.2369,L,2.2203,True,1,0,1,0,0,0,0,0,69594,R,LT,박진,52430,SS,5,김영웅,False,슬라이더,129,T,False,32,유격수 플라이 아웃,유비,0,0,0,0
250924_185117,2,2,-0.701452,0.7083,3.349,1.624,-117.475,-2.41228,0.986553,6.07423,50.0,0.024667,-12.0595,22.922,-26.3742,L,2.3903,True,1,0,1,0,0,0,0,0,69594,R,LT,박진,52430,SS,5,김영웅,False,포크,131,H,False,32,유격수 플라이 아웃,유비,0,0,0,0
250924_185153,2,1,0.494198,0.7083,3.247,1.575,-103.117,0.162469,-0.387594,6.26377,50.0,-0.002867,5.45497,20.9692,-41.2219,R,0.9547,True,1,0,0,1,1,0,0,0,69594,R,LT,박진,66409,SS,6,이성규,False,커브,115,B,True,14,삼진 아웃,삼진,0,0,0,0
250924_185211,2,2,0.086608,0.7083,3.247,1.575,-113.493,-0.503602,0.766289,6.20495,50.0,-0.130181,-1.26977,20.3717,-32.4493,R,2.5478,True,1,0,1,1,1,0,0,0,69594,R,LT,박진,66409,SS,6,이성규,False,슬라이더,126,T,False,33,삼진 아웃,삼진,0,0,0,0
250924_185226,2,3,0.576932,0.7083,3.247,1.575,-129.76,-6.45519,3.47342,5.85066,50.0,-0.00769,-10.0773,28.7413,-13.7645,R,2.1274,True,1,0,2,1,1,0,0,0,69594,R,LT,박진,66409,SS,6,이성규,False,직구,145,T,False,24,삼진 아웃,삼진,0,0,0,0
250924_185244,2,4,0.295161,0.7083,3.247,1.575,-121.358,-5.19033,0.133582,5.86746,50.0,-0.039881,3.10577,23.4182,-29.6998,R,0.8929,True,1,0,3,1,1,0,0,0,69594,R,LT,박진,66409,SS,6,이성규,False,슬라이더,135,S,True,14,삼진 아웃,삼진,0,0,0,0
250924_185318,2,1,-0.076106,0.7083,2.994,1.452,-129.655,-4.04958,2.02488,5.92412,50.0,-0.079288,-10.1069,30.8304,-15.3657,L,3.0223,True,1,0,1,0,2,0,0,0,69594,R,LT,박진,50458,SS,7,김지찬,False,직구,145,F,True,53,우익수 앞 1루타,우안,7,0,0,0
250924_185337,2,2,0.314999,0.7083,2.994,1.452,-128.823,-2.57414,2.28558,5.97475,50.0,-0.176615,-5.2796,25.882,-16.6173,L,3.5734,True,1,0,1,1,2,0,0,0,69594,R,LT,박진,50458,SS,7,김지찬,False,직구,144,B,True,54,우익수 앞 1루타,우안,7,0,0,0
250924_185356,2,3,-0.058636,0.7083,2.994,1.452,-112.439,-4.0932,-0.282032,5.98885,50.0,-0.065612,1.30305,19.3924,-31.9695,L,0.6635,True,1,0,1,1,2,0,0,0,69594,R,LT,박진,50458,SS,7,김지찬,False,슬라이더,125,H,True,13,우익수 앞 1루타,우안,7,0,0,0
250924_185452,2,1,-0.450284,0.7083,3.422,1.66,-117.766,0.363993,-0.25389,6.10459,50.0,-0.234052,-1.08836,24.8326,-31.9744,R,3.0938,True,1,0,1,0,2,7,0,0,69594,R,LT,박진,74540,SS,8,강민호,True,슬라이더,131,T,False,42,삼진 아웃,삼진,7,0,0,0
250924_185512,2,2,-0.101437,0.7083,3.422,1.66,-106.309,0.361759,-0.970869,6.27349,50.0,-0.025303,3.35976,18.7651,-39.1302,R,1.7219,True,1,0,2,0,2,7,0,0,69594,R,LT,박진,74540,SS,8,강민호,True,커브,118,T,False,23,삼진 아웃,삼진,7,0,0,0
250924_185533,2,3,1.38235,0.7083,3.422,1.66,-119.565,-3.3869,2.31873,5.78464,50.0,-0.045253,4.5355,26.0244,-34.3342,R,0.9861,True,1,0,3,0,2,7,0,0,69594,R,LT,박진,74540,SS,8,강민호,True,슬라이더,133,S,True,15,삼진 아웃,삼진,7,0,0,0
250924_185901,3,1,0.412148,0.7083,3.387,1.643,-123.058,-3.03912,2.11362,6.28634,50.0,-0.551678,0.905515,25.2062,-25.3357,R,2.7094,False,1,0,1,0,0,0,0,0,53375,R,SS,후라도,51528,LT,8,손성빈,False,커터,137,F,False,34,3루수 땅볼 아웃 (3루수->1루수 송구아웃),3땅,0,0,0,0
250924_185920,3,2,0.451088,0.7083,3.387,1.643,-132.619,-6.36085,4.30551,6.20419,50.0,-0.392335,-10.9888,30.0033,-10.4165,R,2.8828,False,1,0,2,0,0,0,0,0,53375,R,SS,후라도,51528,LT,8,손성빈,False,직구,148,F,False,44,3루수 땅볼 아웃 (3루수->1루수 송구아웃),3땅,0,0,0,0
250924_185951,3,3,-0.39805,0.7083,3.387,1.643,-131.524,-8.44417,2.68496,6.00633,50.0,-0.441397,-13.1095,30.7064,-14.9536,R,1.4509,False,1,0,2,0,0,0,0,0,53375,R,SS,후라도,51528,LT,8,손성빈,False,직구,147,H,False,12,3루수 땅볼 아웃 (3루수->1루수 송구아웃),3땅,0,0,0,0
250924_190035,3,1,1.4906,0.7083,3.214,1.559,-121.34,-6.10863,8.43246,5.801,50.0,-0.785886,-14.4998,26.4042,-24.9403,L,0.8279,False,1,0,0,1,1,0,0,0,53375,R,SS,후라도,55530,LT,9,박찬형,False,체인지업,135,B,True,15,우익수 앞 1루타,우안,9,0,0,0
250924_190048,3,2,0.677222,0.7083,3.214,1.559,-121.414,-4.77467,7.53452,5.93639,50.0,-1.00335,-16.8457,24.8594,-18.818,L,2.1331,False,1,0,1,1,1,0,0,0,53375,R,SS,후라도,55530,LT,9,박찬형,False,체인지업,136,T,False,34,우익수 앞 1루타,우안,9,0,0,0
250924_190106,3,3,-1.55616,0.7083,3.214,1.559,-130.898,-7.84988,0.541501,5.98349,50.0,-0.609659,-14.9397,29.4794,-20.2622,L,1.2227,False,1,0,1,2,1,0,0,0,53375,R,SS,후라도,55530,LT,9,박찬형,False,직구,146,B,True,11,우익수 앞 1루타,우안,9,0,0,0
250924_190123,3,4,0.19156,0.7083,3.214,1.559,-131.977,-8.32722,3.72968,6.07574,50.0,-0.423884,-11.0198,31.5701,-12.5422,L,1.7711,False,1,0,1,2,1,0,0,0,53375,R,SS,후라도,55530,LT,9,박찬형,False,직구,147,H,False,23,우익수 앞 1루타,우안,9,0,0,0
250924_190207,3,1,-0.158966,0.7083,3.15,1.528,-125.117,-5.42452,1.96096,6.06622,50.0,-0.883518,-0.948889,24.1429,-25.0976,L,1.6324,False,1,0,0,0,1,9,0,0,53375,R,SS,후라도,50500,LT,1,황성빈,True,커터,139,H,False,23,유격수 앞 땅볼로 출루,유땅,1,0,0,0
250924_190316,3,1,-1.42586,0.7083,3.457,1.677,-121.043,-2.80006,3.1229,5.87248,50.0,-1.1836,-17.3379,24.8803,-27.3077,L,2.1106,False,1,0,0,1,2,1,0,0,53375,R,SS,후라도,69517,LT,2,고승민,True,체인지업,136,B,True,21,삼진 아웃,삼진,1,0,0,0
250924_190335,3,2,-0.660791,0.7083,3.457,1.677,-121.303,-4.30907,4.04521,5.83372,50.0,-1.01906,-15.0861,24.2576,-26.5381,L,1.5157,False,1,0,1,1,2,1,0,0,53375,R,SS,후라도,69517,LT,2,고승민,True,체인지업,136,F,False,12,삼진 아웃,삼진,1,0,0,0
250924_190417,3,3,-0.324801,0.7083,3.457,1.677,-129.678,-5.02418,2.4308,6.10247,50.0,-0.553901,-9.35505,26.2688,-15.6295,L,2.8206,False,1,0,2,1,2,1,0,0,53375,R,SS,후라도,69517,LT,2,고승민,True,직구,145,F,False,32,삼진 아웃,삼진,1,0,0,0
250924_190449,3,4,-0.286124,0.7083,3.457,1.677,-121.383,-6.56979,4.03605,5.84253,50.0,-0.809454,-13.1932,25.7991,-22.8808,L,0.8738,False,1,0,3,1,2,1,0,0,53375,R,SS,후라도,69517,LT,2,고승민,True,체인지업,135,S,True,12,삼진 아웃,삼진,1,0,0,0
250924_190651,3,1,-0.524944,0.7083,3.331,1.615,-110.884,-1.19734,-0.535306,6.21079,50.0,-0.280861,0.039376,19.9388,-32.4986,L,2.0445,True,1,0,1,0,0,0,0,0,69594,R,LT,박진,62234,SS,9,류지혁,False,슬라이더,124,T,False,22,2루수 땅볼 아웃 (2루수->1루수 송구아웃),2땅/중비,0,0,0,0
250924_190707,3,2,0.059296,0.7083,3.331,1.615,-117.251,-5.08949,2.21984,5.88583,50.0,-0.125551,-8.21611,20.9758,-28.6536,L,0.8004,True,1,0,2,0,0,0,0,0,69594,R,LT,박진,62234,SS,9,류지혁,False,포크,131,S,True,13,2루수 땅볼 아웃 (2루수->1루수 송구아웃),2땅/중비,0,0,0,0
250924_190735,3,3,-0.717781,0.7083,3.331,1.615,-129.779,-3.62287,0.875089,5.89642,50.0,-0.367605,-8.85246,28.2917,-15.719,L,3.1602,True,1,0,2,0,0,0,0,0,69594,R,LT,박진,62234,SS,9,류지혁,False,직구,145,F,False,41,2루수 땅볼 아웃 (2루수->1루수 송구아웃),2땅/중비,0,0,0,0
250924_190807,3,4,0.402959,0.7083,3.331,1.615,-129.279,-3.45735,2.98405,5.85553,50.0,-0.197375,-7.41567,28.1045,-18.8966,L,2.9105,True,1,0,2,0,0,0,0,0,69594,R,LT,박진,62234,SS,9,류지혁,False,직구,145,H,False,44,2루수 땅볼 아웃 (2루수->1루수 송구아웃),2땅/중비,0,0,0,0
250924_190851,3,1,0.773773,0.7083,3.287,1.594,-130.143,-0.84383,4.81936,5.95167,50.0,-0.287754,-10.8122,30.976,-18.868,R,4.0746,True,1,0,0,1,1,0,0,0,69594,R,LT,박진,52415,SS,1,이재현,False,직구,145,B,True,55,볼넷,4구,1,0,0,0
250924_190907,3,2,-0.18839,0.7083,3.287,1.594,-113.216,-1.73939,0.059068,6.02816,50.0,-0.207852,-0.071756,21.9807,-35.0034,R,1.482,True,1,0,1,1,1,0,0,0,69594,R,LT,박진,52415,SS,1,이재현,False,슬라이더,126,T,False,13,볼넷,4구,1,0,0,0
250924_190922,3,3,1.37299,0.7083,3.287,1.594,-103.325,0.39572,1.60198,6.30069,50.0,0.054093,4.06123,21.059,-40.7445,R,1.1942,True,1,0,1,2,1,0,0,0,69594,R,LT,박진,52415,SS,1,이재현,False,커브,115,B,True,15,볼넷,4구,1,0,0,0
250924_190942,3,4,0.663621,0.7083,3.287,1.594,-117.252,-3.21497,1.5327,5.93578,50.0,-0.093051,0.889142,21.5596,-32.1178,R,1.332,True,1,0,1,3,1,0,0,0,69594,R,LT,박진,52415,SS,1,이재현,False,슬라이더,131,B,False,14,볼넷,4구,1,0,0,0
250924_191005,3,5,0.845779,0.7083,3.287,1.594,-122.724,-6.6361,1.6497,5.88952,50.0,-0.018378,2.01797,22.0824,-22.3376,R,1.075,True,1,0,1,4,1,0,0,0,69594,R,LT,박진,52415,SS,1,이재현,False,포크,137,B,True,15,볼넷,4구,1,0,0,0
250924_191042,3,1,-0.343614,0.7083,2.996,1.453,-119.416,-1.8103,1.35492,5.89029,50.0,-0.227992,-7.5336,23.3541,-31.6194,L,2.0736,True,1,0,1,0,1,1,0,0,69594,R,LT,박진,67449,SS,2,김성윤,True,포크,133,T,False,32,좌익수 왼쪽 2루타,좌2,0,2,1,0
250924_191107,3,2,-0.188501,0.7083,2.996,1.453,-116.836,-2.17413,0.855477,5.94518,50.0,-0.278934,-2.95468,21.771,-30.4035,L,1.9434,True,1,0,1,0,1,1,0,0,69594,R,LT,박진,67449,SS,2,김성윤,True,슬라이더,131,H,False,23,좌익수 왼쪽 2루타,좌2,0,2,1,0
250924_191207,3,1,-0.645989,0.7083,3.548,1.721,-117.375,-1.50877,0.516486,5.97679,50.0,-0.251094,-6.45475,23.0341,-29.7483,L,2.3532,True,1,0,1,0,1,0,2,1,69594,R,LT,박진,62404,SS,3,구자욱,True,포크,131,T,False,32,볼넷,4구,3,2,1,0
250924_191229,3,2,0.306201,0.7083,3.548,1.721,-129.626,-0.20792,2.81392,6.03244,50.0,-0.254187,-7.06462,25.8328,-18.0254,L,4.4938,True,1,0,2,0,1,0,2,1,69594,R,LT,박진,62404,SS,3,구자욱,True,직구,145,F,True,54,볼넷,4구,3,2,1,0
250924_191257,3,3,0.354134,0.7083,3.548,1.721,-129.079,-0.017049,2.79967,6.01438,50.0,-0.276998,-6.1061,28.238,-19.0619,L,4.4416,True,1,0,2,0,1,0,2,1,69594,R,LT,박진,62404,SS,3,구자욱,True,직구,144,F,True,54,볼넷,4구,3,2,1,0
250924_191326,3,4,-1.10803,0.7083,3.548,1.721,-119.385,-2.51719,-0.933384,5.86468,50.0,-0.380822,-3.41979,26.7973,-26.0189,L,2.2301,True,1,0,2,1,1,0,2,1,69594,R,LT,박진,62404,SS,3,구자욱,True,포크,133,B,False,21,볼넷,4구,3,2,1,0
250924_191349,3,5,0.50171,0.7083,3.548,1.721,-118.761,-4.16557,2.83028,5.8263,50.0,-0.050902,-7.17494,23.9329,-31.4945,L,0.9345,True,1,0,2,2,1,0,2,1,69594,R,LT,박진,62404,SS,3,구자욱,True,포크,133,B,True,14,볼넷,4구,3,2,1,0
250924_191415,3,6,0.344246,0.7083,3.548,1.721,-120.208,-6.97881,3.71865,5.779,50.0,-0.095542,-12.5307,26.4718,-29.8649,L,-0.1218,True,1,0,2,3,1,0,2,1,69594,R,LT,박진,62404,SS,3,구자욱,True,포크,134,B,True,14,볼넷,4구,3,2,1,0
250924_191444,3,7,1.45761,0.7083,3.548,1.721,-119.408,-5.2116,4.25974,5.73751,50.0,0.048205,-4.68634,27.9161,-26.8103,L,0.8233,True,1,0,2,4,1,0,2,1,69594,R,LT,박진,62404,SS,3,구자욱,True,포크,133,B,True,15,볼넷,4구,3,2,1,0
250924_191619,3,1,0.449118,0.7083,3.545,1.719,-117.2,-2.24838,3.39627,5.9304,50.0,-0.188052,-8.86027,22.4332,-29.0231,L,2.0467,True,1,0,1,0,1,3,2,1,69594,R,LT,박진,54400,SS,4,디아즈,True,포크,131,T,False,24,삼진 아웃,삼진,3,2,1,0
250924_191642,3,2,0.089998,0.7083,3.545,1.719,-129.396,1.57905,2.72328,6.15749,50.0,-0.224025,-9.67997,31.9593,-16.9687,L,5.3955,True,1,0,1,1,1,3,2,1,69594,R,LT,박진,54400,SS,4,디아즈,True,직구,144,B,True,53,삼진 아웃,삼진,3,2,1,0
250924_191705,3,3,0.993154,0.7083,3.545,1.719,-129.263,-4.45187,3.85839,5.88004,50.0,0.022638,-7.14848,28.7545,-13.6516,L,2.9569,True,1,0,2,1,1,3,2,1,69594,R,LT,박진,54400,SS,4,디아즈,True,직구,145,F,True,45,삼진 아웃,삼진,3,2,1,0
250924_191738,3,4,1.40007,0.7083,3.545,1.719,-116.448,-5.38714,3.93478,5.86532,50.0,-0.023902,-3.27762,24.4626,-34.5831,L,-0.0754,True,1,0,2,2,1,3,2,1,69594,R,LT,박진,54400,SS,4,디아즈,True,슬라이더,129,B,True,15,삼진 아웃,삼진,3,2,1,0
250924_191807,3,5,1.16251,0.7083,3.545,1.719,-120.524,-1.25002,2.76599,6.01934,50.0,0.065824,-0.961303,25.4847,-28.6336,L,2.7686,True,1,0,2,3,1,3,2,1,69594,R,LT,박진,54400,SS,4,디아즈,True,슬라이더,134,B,True,35,삼진 아웃,삼진,3,2,1,0
250924_191847,3,6,0.269247,0.7083,3.545,1.719,-119.709,-5.03221,3.00422,5.80862,50.0,-0.140842,-9.54955,22.3892,-29.8804,L,0.7852,True,1,0,3,3,1,3,2,1,69594,R,LT,박진,54400,SS,4,디아즈,True,포크,134,S,True,14,삼진 아웃,삼진,3,2,1,0
250924_191933,3,1,0.661986,0.7083,3.349,1.624,-119.349,-4.61979,3.15589,5.83362,50.0,-0.035619,-7.13458,24.3578,-25.2093,L,1.3831,True,1,0,1,0,2,3,2,1,69594,R,LT,박진,52430,SS,5,김영웅,True,포크,134,S,False,14,우익수 오른쪽 3루타,우3,0,0,5,3
250924_191955,3,2,0.375463,0.7083,3.349,1.624,-118.466,-6.65625,3.6684,5.7128,50.0,-0.081281,-12.0329,24.0845,-27.6757,L,0.069,True,1,0,1,1,2,3,2,1,69594,R,LT,박진,52430,SS,5,김영웅,True,포크,132,B,True,14,우익수 오른쪽 3루타,우3,0,0,5,3
250924_192029,3,3,1.37645,0.7083,3.349,1.624,-121.042,-3.41892,3.66168,5.94296,50.0,-0.083967,-1.10695,25.4125,-25.1553,L,2.1082,True,1,0,1,1,2,3,2,1,69594,R,LT,박진,52430,SS,5,김영웅,True,포크,135,H,True,25,우익수 오른쪽 3루타,우3,0,0,5,3
250924_192131,3,1,-0.319473,0.7083,3.247,1.575,-101.231,4.39227,-1.30317,6.40667,50.0,-0.224411,4.35807,20.0686,-40.8173,R,3.1586,True,4,0,1,0,2,0,0,5,69594,R,LT,박진,66409,SS,6,이성규,True,커브,113,T,False,42,좌중간 1루타,좌중안,6,0,0,1
250924_192148,3,2,0.548083,0.7083,3.247,1.575,-106.939,-1.31946,-0.096264,6.13354,50.0,0.081074,4.35075,22.6917,-40.1952,R,0.5902,True,4,0,1,0,2,0,0,5,69594,R,LT,박진,66409,SS,6,이성규,True,커브,119,H,True,14,좌중간 1루타,좌중안,6,0,0,1
250924_192500,3,1,-0.183344,0.7083,2.994,1.452,-114.052,-0.271123,1.96983,5.31123,50.0,-1.08602,0.085246,23.9381,-31.9849,L,1.7925,True,5,0,1,0,2,6,0,0,65522,R,LT,김강현,50458,SS,7,김지찬,True,슬라이더,127,T,False,23,우익수 앞 1루타,우안,7,6,0,0
250924_192535,3,2,-2.01325,0.7083,2.994,1.452,-128.882,-1.26486,0.75815,5.22978,50.0,-1.02558,-16.2755,25.3882,-23.6761,L,2.7863,True,5,0,1,1,2,6,0,0,65522,R,LT,김강현,50458,SS,7,김지찬,True,직구,144,B,True,41,우익수 앞 1루타,우안,7,6,0,0
250924_192600,3,3,-0.349755,0.7083,2.994,1.452,-128.969,-1.89439,4.87196,5.23434,50.0,-0.973697,-16.5593,28.7797,-20.6657,L,2.7611,True,5,0,2,1,2,6,0,0,65522,R,LT,김강현,50458,SS,7,김지찬,True,직구,144,F,False,42,우익수 앞 1루타,우안,7,6,0,0
250924_192627,3,4,-0.161995,0.7083,2.994,1.452,-113.953,-1.71912,2.30641,5.25275,50.0,-0.993076,-2.08533,22.8768,-34.3853,L,0.8237,True,5,0,2,1,2,6,0,0,65522,R,LT,김강현,50458,SS,7,김지찬,True,슬라이더,127,F,True,13,우익수 앞 1루타,우안,7,6,0,0
250924_192654,3,5,-0.072239,0.7083,2.994,1.452,-114.29,0.090918,2.57661,5.37323,50.0,-1.04102,-1.84398,18.736,-32.0608,L,2.1045,True,5,0,2,1,2,6,0,0,65522,R,LT,김강현,50458,SS,7,김지찬,True,슬라이더,128,H,False,33,우익수 앞 1루타,우안,7,6,0,0
250924_192744,3,1,1.34211,0.7083,3.422,1.66,-115.702,-2.66177,4.78806,5.19328,50.0,-0.897057,1.04321,23.228,-30.2008,R,0.8934,True,5,0,1,0,2,7,6,0,65522,R,LT,김강현,74540,SS,8,강민호,True,슬라이더,129,S,True,15,볼넷,4구,8,7,6,0
250924_192806,3,2,2.3604,0.7083,3.422,1.66,-117.249,-3.12992,6.79966,5.10042,50.0,-0.670728,0.232734,26.3837,-30.4716,R,0.6212,True,5,0,1,1,2,7,6,0,65522,R,LT,김강현,74540,SS,8,강민호,True,슬라이더,131,B,True,15,볼넷,4구,8,7,6,0
250924_192837,3,3,-0.991611,0.7083,3.422,1.66,-130.178,-0.168382,2.97721,5.39289,50.0,-1.00489,-14.8366,30.0532,-23.5652,R,3.4132,True,5,0,1,2,2,7,6,0,65522,R,LT,김강현,74540,SS,8,강민호,True,직구,145,B,False,41,볼넷,4구,8,7,6,0
250924_192902,3,4,-1.19579,0.7083,3.422,1.66,-128.861,-0.215311,2.33837,5.34144,50.0,-1.02051,-13.9175,26.8884,-25.4964,R,3.1617,True,5,0,1,3,2,7,6,0,65522,R,LT,김강현,74540,SS,8,강민호,True,직구,144,B,True,41,볼넷,4구,8,7,6,0
250924_192926,3,5,1.2627,0.7083,3.422,1.66,-116.072,-0.816659,5.09817,5.17731,50.0,-0.893119,-1.1507,24.0871,-31.3372,R,1.6076,True,5,0,1,4,2,7,6,0,65522,R,LT,김강현,74540,SS,8,강민호,True,슬라이더,130,B,True,15,볼넷,4구,8,7,6,0
250924_193014,3,1,-0.289569,0.7083,3.331,1.615,-115.343,1.32457,1.72089,5.32035,50.0,-1.08935,0.29442,23.3236,-32.5411,L,2.5632,True,5,0,1,0,2,8,7,6,65522,R,LT,김강현,62234,SS,9,류지혁,True,슬라이더,129,T,False,32,중견수 플라이 아웃,2땅/중비,8,7,6,0
250924_193036,3,2,0.195648,0.7083,3.331,1.615,-115.343,-1.22916,1.98586,5.15233,50.0,-0.981595,3.02317,18.6768,-32.0909,L,1.352,True,5,0,2,0,2,8,7,6,65522,R,LT,김강현,62234,SS,9,류지혁,True,슬라이더,130,F,False,13,중견수 플라이 아웃,2땅/중비,8,7,6,0
250924_193102,3,3,-0.838565,0.7083,3.331,1.615,-120.321,-1.17875,1.95293,5.36131,50.0,-0.991481,-7.4929,20.8019,-23.0581,L,2.7043,True,5,0,2,0,2,8,7,6,65522,R,LT,김강현,62234,SS,9,류지혁,True,체인지업,134,H,False,31,중견수 플라이 아웃,2땅/중비,8,7,6,0
250924_193323,4,1,0.291263,0.7083,3.579,1.736,-120.486,-4.69273,5.1845,5.93899,50.0,-0.839393,-11.8805,23.1658,-20.0522,L,2.0271,False,5,0,1,0,0,0,0,0,53375,R,SS,후라도,54529,LT,3,레이예스,False,체인지업,135,T,False,24,유격수 땅볼 아웃 (유격수->1루수 송구아웃),유땅,0,0,0,0
250924_193337,4,2,0.87036,0.7083,3.579,1.736,-120.889,-5.25129,7.49723,5.79719,50.0,-0.920971,-15.4652,25.3929,-22.1115,L,1.4458,False,5,0,2,0,0,0,0,0,53375,R,SS,후라도,54529,LT,3,레이예스,False,체인지업,135,S,True,15,유격수 땅볼 아웃 (유격수->1루수 송구아웃),유땅,0,0,0,0
250924_193356,4,3,-1.23527,0.7083,3.579,1.736,-121.013,-2.23542,2.21864,5.90522,50.0,-0.955117,-13.4416,26.8345,-28.3685,L,2.2624,False,5,0,2,0,0,0,0,0,53375,R,SS,후라도,54529,LT,3,레이예스,False,체인지업,135,H,True,21,유격수 땅볼 아웃 (유격수->1루수 송구아웃),유땅,0,0,0,0
250924_193433,4,1,-0.28303,0.7083,3.389,1.644,-119.773,0.195192,1.52979,6.33888,50.0,-0.75781,-2.00286,27.6562,-32.7833,R,3.2544,False,5,0,1,0,1,0,0,0,53375,R,SS,후라도,78513,LT,4,전준우,False,슬라이더,134,T,False,42,2루수 땅볼 아웃 (2루수->1루수 송구아웃),2땅,0,0,0,0
250924_193448,4,2,0.478688,0.7083,3.389,1.644,-130.883,-4.90409,6.66756,5.94643,50.0,-0.655646,-19.2364,28.6443,-20.5557,R,2.3471,False,5,0,1,0,1,0,0,0,53375,R,SS,후라도,78513,LT,4,전준우,False,투심,146,H,False,34,2루수 땅볼 아웃 (2루수->1루수 송구아웃),2땅,0,0,0,0
250924_193526,4,1,-1.15782,0.7083,3.446,1.671,-131.0,-4.54165,0.271754,6.19831,50.0,-0.589783,-8.64647,31.8558,-11.5635,R,3.4451,False,5,0,0,1,2,0,0,0,53375,R,SS,후라도,52591,LT,5,윤동희,False,직구,146,B,False,41,투수 맞고 2루수 내야안타,투2안,5,0,0,0
250924_193541,4,2,-0.172225,0.7083,3.446,1.671,-113.254,0.271601,-1.44004,6.49524,50.0,-0.405932,8.56018,22.7758,-36.7626,R,2.6799,False,5,0,1,1,2,0,0,0,53375,R,SS,후라도,52591,LT,5,윤동희,False,커브,126,T,False,33,투수 맞고 2루수 내야안타,투2안,5,0,0,0
250924_193558,4,3,-0.278918,0.7083,3.446,1.671,-122.029,-3.84012,5.49307,5.81927,50.0,-0.911596,-18.8782,26.9734,-26.4851,R,1.7165,False,5,0,2,1,2,0,0,0,53375,R,SS,후라도,52591,LT,5,윤동희,False,체인지업,136,F,False,22,투수 맞고 2루수 내야안타,투2안,5,0,0,0
250924_193623,4,4,0.177832,0.7083,3.446,1.671,-132.717,-3.57271,3.55916,6.30014,50.0,-0.394237,-10.7324,31.9632,-9.26064,R,4.1622,False,5,0,2,2,2,0,0,0,53375,R,SS,후라도,52591,LT,5,윤동희,False,직구,148,B,True,53,투수 맞고 2루수 내야안타,투2안,5,0,0,0
250924_193640,4,5,-0.579809,0.7083,3.446,1.671,-131.197,-7.48936,1.16238,6.01604,50.0,-0.364509,-8.70471,29.3086,-11.1181,R,2.1442,False,5,0,2,2,2,0,0,0,53375,R,SS,후라도,52591,LT,5,윤동희,False,직구,147,F,False,22,투수 맞고 2루수 내야안타,투2안,5,0,0,0
250924_193705,4,6,0.27201,0.7083,3.446,1.671,-131.551,-6.33354,4.1371,6.09908,50.0,-0.401617,-12.3286,31.5704,-14.1218,R,2.4455,False,5,0,2,2,2,0,0,0,53375,R,SS,후라도,52591,LT,5,윤동희,False,직구,147,F,False,34,투수 맞고 2루수 내야안타,투2안,5,0,0,0
250924_193734,4,7,0.563359,0.7083,3.446,1.671,-121.301,-4.88281,6.43903,5.74201,50.0,-0.886471,-14.2395,22.7227,-24.737,R,1.3636,False,5,0,2,2,2,0,0,0,53375,R,SS,후라도,52591,LT,5,윤동희,False,체인지업,136,H,False,14,투수 맞고 2루수 내야안타,투2안,5,0,0,0
250924_193817,4,1,0.368887,0.7083,3.459,1.678,-131.54,-3.4136,3.84914,6.17167,50.0,-0.466976,-8.75943,29.5825,-15.2218,L,3.6082,False,5,0,0,1,2,5,0,0,53375,R,SS,후라도,51551,LT,6,나승엽,True,직구,147,B,True,54,중견수 플라이 아웃,중비,5,0,0,0
250924_193837,4,2,-0.961234,0.7083,3.459,1.678,-127.712,-5.24623,0.942959,6.01268,50.0,-0.836573,-6.24706,24.3779,-20.099,L,2.2082,False,5,0,0,2,2,5,0,0,53375,R,SS,후라도,51551,LT,6,나승엽,True,커터,143,B,False,21,중견수 플라이 아웃,중비,5,0,0,0
250924_193858,4,3,0.007475,0.7083,3.459,1.678,-119.377,-2.58123,5.29062,5.79243,50.0,-0.892273,-14.8435,25.1718,-23.6079,L,2.3821,False,5,0,1,2,2,5,0,0,53375,R,SS,후라도,51551,LT,6,나승엽,True,체인지업,134,F,False,33,중견수 플라이 아웃,중비,5,0,0,0
250924_193923,4,4,-0.086236,0.7083,3.459,1.678,-121.419,-4.58673,5.82125,5.74191,50.0,-0.964943,-17.6925,23.7416,-29.481,L,1.0465,False,5,0,2,2,2,5,0,0,53375,R,SS,후라도,51551,LT,6,나승엽,True,체인지업,136,F,True,13,중견수 플라이 아웃,중비,5,0,0,0
250924_193950,4,5,0.570697,0.7083,3.459,1.678,-121.905,-3.44417,3.08512,6.01692,50.0,-0.699199,-0.425674,26.6831,-34.6897,L,1.3209,False,5,0,2,3,2,5,0,0,53375,R,SS,후라도,51551,LT,6,나승엽,True,슬라이더,136,B,False,14,중견수 플라이 아웃,중비,5,0,0,0
250924_194014,4,6,-0.467968,0.7083,3.459,1.678,-120.287,-1.00872,0.14481,6.16345,50.0,-0.729102,2.16272,25.1164,-33.7604,L,2.5231,False,5,0,2,3,2,5,0,0,53375,R,SS,후라도,51551,LT,6,나승엽,True,슬라이더,134,H,False,32,중견수 플라이 아웃,중비,5,0,0,0
250924_194221,4,1,-0.525025,0.7083,3.287,1.594,-113.607,1.72201,0.966267,5.3745,50.0,-1.00321,0.384864,22.0375,-33.4833,R,2.6145,True,5,0,1,0,0,0,0,0,65522,R,LT,김강현,52415,SS,1,이재현,False,슬라이더,127,T,False,32,좌익수 앞 1루타,좌안,1,0,0,0
250924_194235,4,2,0.230057,0.7083,3.287,1.594,-114.146,-0.555585,2.10202,5.42494,50.0,-0.769151,0.52257,20.656,-34.9039,R,1.5274,True,5,0,1,0,0,0,0,0,65522,R,LT,김강현,52415,SS,1,이재현,False,슬라이더,128,H,False,13,좌익수 앞 1루타,좌안,1,0,0,0
250924_194321,4,1,-0.989703,0.7083,2.996,1.453,-113.442,2.02662,0.192404,5.31489,50.0,-1.1252,0.456349,24.2311,-33.2933,L,2.675,True,5,0,0,1,0,1,0,0,65522,R,LT,김강현,67449,SS,2,김성윤,True,슬라이더,126,B,False,41,볼넷,4구,2,1,0,0
250924_194340,4,2,-1.49537,0.7083,2.996,1.453,-128.26,1.86521,1.81042,5.31273,50.0,-1.04789,-14.4001,32.2555,-26.9501,L,3.8024,True,5,0,0,2,0,1,0,0,65522,R,LT,김강현,67449,SS,2,김성윤,True,직구,143,B,True,51,볼넷,4구,2,1,0,0
250924_194406,4,3,-0.313099,0.7083,2.996,1.453,-127.987,0.470789,4.09172,5.32495,50.0,-0.923171,-12.7511,32.7232,-26.3919,L,3.2747,True,5,0,0,3,0,1,0,0,65522,R,LT,김강현,67449,SS,2,김성윤,True,직구,143,B,True,52,볼넷,4구,2,1,0,0
250924_194428,4,4,0.256048,0.7083,2.996,1.453,-127.335,-0.544332,5.66349,5.2392,50.0,-0.874467,-14.1821,29.1757,-23.0604,L,3.0565,True,5,0,0,4,0,1,0,0,65522,R,LT,김강현,67449,SS,2,김성윤,True,직구,142,B,True,54,볼넷,4구,2,1,0,0
250924_194526,4,1,0.494153,0.7083,3.548,1.721,-117.199,-2.30372,3.96889,5.1653,50.0,-1.03352,-2.33512,26.26,-30.0755,L,1.0956,True,5,0,1,0,0,2,1,0,65522,R,LT,김강현,62404,SS,3,구자욱,True,슬라이더,130,S,True,14,투수 땅볼 아웃 (투수->1루수 송구아웃),투땅,0,2,1,0
250924_194552,4,2,-0.295068,0.7083,3.548,1.721,-129.328,-3.11784,4.58861,5.14815,50.0,-0.899717,-15.3941,29.8022,-23.8905,L,1.9189,True,5,0,1,0,0,2,1,0,65522,R,LT,김강현,62404,SS,3,구자욱,True,직구,145,H,False,22,투수 땅볼 아웃 (투수->1루수 송구아웃),투땅,0,2,1,0
250924_194647,4,1,-0.256546,0.7083,3.545,1.719,-116.453,1.52268,2.06281,5.26647,50.0,-1.10813,-0.629902,23.143,-34.6128,L,2.4552,True,5,0,1,0,1,0,2,1,65522,R,LT,김강현,54400,SS,4,디아즈,True,슬라이더,130,T,False,32,우익수 오른쪽 2루타,우2,0,4,0,2
250924_194707,4,2,-0.602136,0.7083,3.545,1.719,-120.313,-5.12662,3.70699,5.16022,50.0,-0.956598,-13.389,27.4101,-29.88,L,0.06,True,5,0,2,0,1,0,2,1,65522,R,LT,김강현,54400,SS,4,디아즈,True,체인지업,134,S,True,12,우익수 오른쪽 2루타,우2,0,4,0,2
250924_194739,4,3,1.01971,0.7083,3.545,1.719,-120.974,-3.92834,6.49269,5.18025,50.0,-0.900746,-9.16693,18.1996,-25.5233,L,1.1756,True,5,0,2,0,1,0,2,1,65522,R,LT,김강현,54400,SS,4,디아즈,True,체인지업,136,H,True,15,우익수 오른쪽 2루타,우2,0,4,0,2
250924_194836,4,1,-1.42759,0.7083,3.349,1.624,-113.957,2.38958,-0.28105,5.3845,50.0,-1.24019,-0.589586,21.9677,-31.4646,L,3.1659,True,7,0,0,1,1,0,4,0,65522,R,LT,김강현,52430,SS,5,김영웅,True,슬라이더,128,B,True,41,우익수 뒤 홈런 (홈런거리:115M),우홈,0,0,0,2
250924_194855,4,2,0.064524,0.7083,3.349,1.624,-113.952,0.890869,2.66478,5.36842,50.0,-1.0297,-1.05809,20.6638,-32.6168,L,2.3586,True,7,0,0,1,1,0,4,0,65522,R,LT,김강현,52430,SS,5,김영웅,True,슬라이더,127,H,False,33,우익수 뒤 홈런 (홈런거리:115M),우홈,0,0,0,2
250924_194944,4,1,0.529901,0.7083,3.247,1.575,-114.978,-0.137816,3.59648,5.28511,50.0,-0.978615,-0.957263,19.8883,-31.7102,R,1.9751,True,9,0,1,0,1,0,0,0,65522,R,LT,김강현,66409,SS,6,이성규,False,슬라이더,128,T,False,24,3루수 땅볼 아웃 (3루수->1루수 송구아웃),3땅,0,0,0,0
250924_194958,4,2,-0.939964,0.7083,3.247,1.575,-129.237,0.267863,2.88151,5.30952,50.0,-0.973061,-14.0204,28.8888,-29.1158,R,3.0274,True,9,0,1,1,1,0,0,0,65522,R,LT,김강현,66409,SS,6,이성규,False,직구,144,B,False,41,3루수 땅볼 아웃 (3루수->1루수 송구아웃),3땅,0,0,0,0
250924_195016,4,3,0.228069,0.7083,3.247,1.575,-116.02,0.048325,3.42381,5.23212,50.0,-1.04375,-2.52803,22.921,-34.2551,R,1.7693,True,9,0,1,1,1,0,0,0,65522,R,LT,김강현,66409,SS,6,이성규,False,슬라이더,129,H,False,23,3루수 땅볼 아웃 (3루수->1루수 송구아웃),3땅,0,0,0,0
250924_195101,4,1,-0.958031,0.7083,2.994,1.452,-130.436,-2.35866,3.27945,5.17452,50.0,-1.09369,-14.811,31.1015,-28.817,L,1.8887,True,9,0,0,1,2,0,0,0,65522,R,LT,김강현,50458,SS,7,김지찬,False,직구,145,B,False,21,1루수 땅볼 아웃 (1루수 1루 터치아웃),1땅,0,0,0,0
250924_195119,4,2,-0.136326,0.7083,2.994,1.452,-127.623,-1.29084,4.55388,5.23036,50.0,-0.973483,-12.2991,23.8032,-25.7669,L,2.568,True,9,0,0,1,2,0,0,0,65522,R,LT,김강현,50458,SS,7,김지찬,False,직구,143,H,False,43,1루수 땅볼 아웃 (1루수 1루 터치아웃),1땅,0,0,0,0
250924_195328,5,1,-0.35724,0.7083,3.325,1.613,-118.74,-1.49801,0.507705,6.21938,50.0,-0.62584,0.513486,23.6372,-35.0493,R,2.1608,False,9,0,1,0,0,0,0,0,53375,R,SS,후라도,68205,LT,7,전민재,False,슬라이더,133,T,False,22,3루수 땅볼 아웃 (3루수->1루수 송구아웃),3땅,0,0,0,0
250924_195341,5,2,0.769249,0.7083,3.325,1.613,-120.603,-3.45111,3.4533,6.07066,50.0,-0.533176,-1.92354,25.6699,-34.767,R,1.2857,False,9,0,1,0,0,0,0,0,53375,R,SS,후라도,68205,LT,7,전민재,False,슬라이더,135,H,True,15,3루수 땅볼 아웃 (3루수->1루수 송구아웃),3땅,0,0,0,0
250924_195419,5,1,-0.19881,0.7083,3.387,1.643,-131.168,-4.28059,2.64356,6.19034,50.0,-0.33066,-11.745,29.2875,-13.0447,R,3.4444,False,9,0,1,0,1,0,0,0,53375,R,SS,후라도,51528,LT,8,손성빈,False,직구,147,F,True,53,포수 스트라이크 낫 아웃 (포수 태그아웃),삼진,0,0,0,0
250924_195437,5,2,0.854048,0.7083,3.387,1.643,-132.824,-5.93134,7.54096,6.0465,50.0,-0.477441,-21.1684,32.1759,-22.2378,R,1.9633,False,9,0,2,0,1,0,0,0,53375,R,SS,후라도,51528,LT,8,손성빈,False,투심,148,T,True,25,포수 스트라이크 낫 아웃 (포수 태그아웃),삼진,0,0,0,0
250924_195457,5,3,1.16677,0.7083,3.387,1.643,-123.594,-5.74085,8.20837,5.84485,50.0,-0.618981,-18.836,27.9271,-27.7513,R,0.8995,False,9,0,2,1,1,0,0,0,53375,R,SS,후라도,51528,LT,8,손성빈,False,체인지업,138,B,True,15,포수 스트라이크 낫 아웃 (포수 태그아웃),삼진,0,0,0,0
250924_195522,5,4,0.969389,0.7083,3.387,1.643,-122.855,-6.41568,8.2159,5.63666,50.0,-0.78527,-19.2314,28.156,-26.1472,R,0.4964,False,9,0,3,1,1,0,0,0,53375,R,SS,후라도,51528,LT,8,손성빈,False,체인지업,137,S,True,15,포수 스트라이크 낫 아웃 (포수 태그아웃),삼진,0,0,0,0
250924_195554,5,1,-0.153449,0.7083,3.214,1.559,-114.6,-1.25772,0.555844,6.26966,50.0,-0.703627,2.93434,24.1078,-39.272,L,1.567,False,9,0,1,0,2,0,0,0,53375,R,SS,후라도,55530,LT,9,박찬형,False,커브,128,T,False,23,중견수 앞 1루타,중안,9,0,0,0
250924_195608,5,2,-0.290545,0.7083,3.214,1.559,-121.707,-4.47114,4.66127,5.73026,50.0,-0.898646,-15.2324,25.0796,-26.8981,L,1.3232,False,9,0,2,0,2,0,0,0,53375,R,SS,후라도,55530,LT,9,박찬형,False,체인지업,136,S,False,12,중견수 앞 1루타,중안,9,0,0,0
250924_195626,5,3,0.405137,0.7083,3.214,1.559,-123.155,-5.70104,6.26009,5.70382,50.0,-0.764183,-16.5413,29.3434,-25.1276,L,0.9657,False,9,0,2,0,2,0,0,0,53375,R,SS,후라도,55530,LT,9,박찬형,False,체인지업,137,F,True,14,중견수 앞 1루타,중안,9,0,0,0
250924_195650,5,4,-0.01943,0.7083,3.214,1.559,-121.36,-4.41656,4.47484,5.71634,50.0,-0.781753,-12.6155,25.5147,-29.1185,L,1.0985,False,9,0,2,0,2,0,0,0,53375,R,SS,후라도,55530,LT,9,박찬형,False,체인지업,136,F,False,13,중견수 앞 1루타,중안,9,0,0,0
250924_195719,5,5,-0.679303,0.7083,3.214,1.559,-121.691,-4.3902,-0.144333,5.99829,50.0,-0.662862,0.499437,23.0913,-31.6956,L,1.2112,False,9,0,2,0,2,0,0,0,53375,R,SS,후라도,55530,LT,9,박찬형,False,슬라이더,136,H,False,12,중견수 앞 1루타,중안,9,0,0,0
250924_195759,5,1,-0.347042,0.7083,3.15,1.528,-129.061,-3.59486,2.25538,6.13623,50.0,-0.55466,-8.69708,27.6693,-15.2097,L,3.433,False,9,0,0,1,2,9,0,0,53375,R,SS,후라도,50500,LT,1,황성빈,True,직구,144,B,True,52,삼진 아웃,삼진,9,0,0,0
250924_195817,5,2,-1.00301,0.7083,3.15,1.528,-114.553,1.02043,-1.47892,6.28947,50.0,-0.807881,4.66042,19.7539,-39.4211,L,2.6855,False,9,0,0,2,2,9,0,0,53375,R,SS,후라도,50500,LT,1,황성빈,True,커브,128,B,False,41,삼진 아웃,삼진,9,0,0,0
250924_195917,5,3,-0.78756,0.7083,3.15,1.528,-121.672,-4.36951,4.00581,5.70724,50.0,-0.966736,-16.9393,24.2465,-26.7006,L,1.3709,False,9,0,1,2,2,9,0,0,53375,R,SS,후라도,50500,LT,1,황성빈,True,체인지업,136,T,False,11,삼진 아웃,삼진,9,0,0,0
250924_195938,5,4,0.374178,0.7083,3.15,1.528,-132.861,-7.01883,4.12686,6.03257,50.0,-0.444079,-10.4008,28.7876,-10.5014,L,2.4624,False,9,0,2,2,2,9,0,0,53375,R,SS,후라도,50500,LT,1,황성빈,True,직구,149,S,False,34,삼진 아웃,삼진,9,0,0,0
250924_200002,5,5,0.306792,0.7083,3.15,1.528,-132.13,-4.81773,4.55763,6.12248,50.0,-0.611276,-11.2972,26.9287,-14.4976,L,3.0963,False,9,0,3,2,2,9,0,0,53375,R,SS,후라도,50500,LT,1,황성빈,True,직구,148,S,False,44,삼진 아웃,삼진,9,0,0,0
250924_200237,5,1,-0.004176,0.7083,3.422,1.66,-119.742,-2.09743,3.5654,5.58984,50.0,-1.88407,3.85661,21.5318,-27.7296,R,2.0604,True,9,0,1,0,0,0,0,0,55526,R,LT,벨라스케즈,74540,SS,8,강민호,False,슬라이더,134,T,False,23,유격수 땅볼 아웃 (유격수->1루수 송구아웃),유땅,0,0,0,0
250924_200250,5,2,-1.08944,0.7083,3.422,1.66,-111.664,3.87006,0.781984,5.92253,50.0,-1.98293,5.03986,19.7762,-38.9501,R,3.4812,True,9,0,1,1,0,0,0,0,55526,R,LT,벨라스케즈,74540,SS,8,강민호,False,커브,125,B,True,51,유격수 땅볼 아웃 (유격수->1루수 송구아웃),유땅,0,0,0,0
250924_200306,5,3,-0.755585,0.7083,3.422,1.66,-117.466,1.34555,1.24748,5.79986,50.0,-1.92922,6.60524,20.7669,-31.0575,R,3.3484,True,9,0,2,1,0,0,0,0,55526,R,LT,벨라스케즈,74540,SS,8,강민호,False,슬라이더,131,T,False,41,유격수 땅볼 아웃 (유격수->1루수 송구아웃),유땅,0,0,0,0
250924_200336,5,4,0.285846,0.7083,3.422,1.66,-120.542,-2.986,4.14481,5.50227,50.0,-1.84912,4.15537,21.0751,-31.9928,R,1.2432,True,9,0,2,2,0,0,0,0,55526,R,LT,벨라스케즈,74540,SS,8,강민호,False,슬라이더,135,B,False,14,유격수 땅볼 아웃 (유격수->1루수 송구아웃),유땅,0,0,0,0
250924_200354,5,5,0.162457,0.7083,3.422,1.66,-133.127,-4.21808,6.297,5.40136,50.0,-1.65623,-8.24814,29.4439,-17.5965,R,2.3889,True,9,0,2,2,0,0,0,0,55526,R,LT,벨라스케즈,74540,SS,8,강민호,False,직구,149,H,False,33,유격수 땅볼 아웃 (유격수->1루수 송구아웃),유땅,0,0,0,0
250924_200442,5,1,-0.623508,0.7083,3.331,1.615,-133.575,-4.65994,5.20765,5.31338,50.0,-1.82903,-10.7812,28.1714,-19.638,L,1.9977,True,9,0,0,0,1,0,0,0,55526,R,LT,벨라스케즈,62234,SS,9,류지혁,False,직구,150,H,False,22,우중간 1루타,우중안,9,0,0,0
250924_200522,5,1,0.054144,0.7083,3.287,1.594,-121.349,-0.760253,3.14027,5.68847,50.0,-1.80894,5.96219,23.0858,-27.7964,R,2.797,True,9,0,1,0,1,9,0,0,55526,R,LT,벨라스케즈,52415,SS,1,이재현,True,슬라이더,135,T,False,43,삼진 아웃,삼진,9,0,0,0
250924_200539,5,2,-0.223938,0.7083,3.287,1.594,-131.275,-3.40997,5.41133,5.57545,50.0,-1.58848,-9.88268,30.8653,-14.9658,R,3.0174,True,9,0,2,0,1,9,0,0,55526,R,LT,벨라스케즈,52415,SS,1,이재현,True,직구,147,S,False,43,삼진 아웃,삼진,9,0,0,0
250924_200559,5,3,0.684057,0.7083,3.287,1.594,-112.356,-1.10749,4.93637,5.74002,50.0,-1.67699,0.789263,23.8407,-43.5491,R,0.4466,True,9,0,2,1,1,9,0,0,55526,R,LT,벨라스케즈,52415,SS,1,이재현,True,커브,125,B,True,14,삼진 아웃,삼진,9,0,0,0
250924_200629,5,4,-0.916259,0.7083,3.287,1.594,-120.224,2.37224,1.49885,5.79338,50.0,-1.81208,2.77252,23.7959,-31.6164,R,3.8388,True,9,0,3,1,1,9,0,0,55526,R,LT,벨라스케즈,52415,SS,1,이재현,True,슬라이더,134,S,True,51,삼진 아웃,삼진,9,0,0,0
250924_200701,5,1,-0.370547,0.7083,2.996,1.453,-125.375,-1.55646,5.41913,5.45927,50.0,-1.61171,-11.6602,23.7564,-24.1142,L,2.7353,True,9,0,0,0,2,9,0,0,55526,R,LT,벨라스케즈,67449,SS,2,김성윤,True,체인지업,140,H,False,42,1루수 땅볼 아웃 (1루수 1루 터치아웃),1땅,9,0,0,0
250924_201112,6,1,-0.899134,0.7083,3.457,1.677,-129.565,-2.55785,2.09716,6.21184,50.0,-0.732341,-12.6891,26.9215,-19.0769,L,3.6344,False,9,0,0,1,0,0,0,0,53375,R,SS,후라도,69517,LT,2,고승민,False,투심,145,B,True,51,볼넷,4구,2,0,0,0
250924_201126,6,2,-0.202802,0.7083,3.457,1.677,-128.33,-1.72222,3.42322,6.11785,50.0,-0.744317,-10.3377,27.0487,-25.6463,L,3.2917,False,9,0,1,1,0,0,0,0,53375,R,SS,후라도,69517,LT,2,고승민,False,커터,143,T,False,43,볼넷,4구,2,0,0,0
250924_201144,6,3,-0.410178,0.7083,3.457,1.677,-114.698,-0.451037,-0.328078,6.38732,50.0,-0.869582,5.95702,24.625,-40.5653,L,1.9168,False,9,0,2,1,0,0,0,0,53375,R,SS,후라도,69517,LT,2,고승민,False,커브,127,F,False,22,볼넷,4구,2,0,0,0
250924_201209,6,4,0.283004,0.7083,3.457,1.677,-131.858,-2.56398,3.99879,6.37233,50.0,-0.45772,-10.7608,31.3631,-12.0046,L,4.4008,False,9,0,2,2,0,0,0,0,53375,R,SS,후라도,69517,LT,2,고승민,False,직구,147,B,True,54,볼넷,4구,2,0,0,0
250924_201227,6,5,-0.200059,0.7083,3.457,1.677,-131.574,-5.59549,3.81679,5.99699,50.0,-0.80631,-11.5811,30.0182,-19.7971,L,2.2008,False,9,0,2,2,0,0,0,0,53375,R,SS,후라도,69517,LT,2,고승민,False,직구,147,F,False,23,볼넷,4구,2,0,0,0
250924_201301,6,6,-1.03026,0.7083,3.457,1.677,-132.027,-5.59485,1.64849,6.01401,50.0,-0.49174,-15.5333,28.9603,-17.43,L,2.433,False,9,0,2,3,0,0,0,0,53375,R,SS,후라도,69517,LT,2,고승민,False,투심,148,B,False,31,볼넷,4구,2,0,0,0
250924_201322,6,7,1.13402,0.7083,3.457,1.677,-133.149,-6.70594,7.62843,5.91572,50.0,-0.509198,-17.4851,30.5964,-18.1642,L,1.8735,False,9,0,2,4,0,0,0,0,53375,R,SS,후라도,69517,LT,2,고승민,False,투심,149,B,True,25,볼넷,4구,2,0,0,0
250924_201407,6,1,-0.468991,0.7083,3.579,1.736,-126.187,-6.0508,1.18083,6.00024,50.0,-0.695281,-3.06841,28.2333,-26.1072,L,1.2316,False,9,0,1,0,0,2,0,0,53375,R,SS,후라도,54529,LT,3,레이예스,True,커터,140,F,False,12,2루수 앞 땅볼로 출루,2실,3,0,2,0
250924_201431,6,2,-1.37645,0.7083,3.579,1.736,-122.571,-4.58066,1.83542,5.81889,50.0,-0.987387,-13.1337,25.3431,-27.1682,L,1.3901,False,9,0,1,1,0,2,0,0,53375,R,SS,후라도,54529,LT,3,레이예스,True,체인지업,137,B,True,11,2루수 앞 땅볼로 출루,2실,3,0,2,0
250924_201455,6,3,0.59645,0.7083,3.579,1.736,-127.182,-4.47568,3.36238,6.10398,50.0,-0.478569,-3.4982,27.1417,-25.9205,L,2.0725,False,9,0,2,1,0,2,0,0,53375,R,SS,후라도,54529,LT,3,레이예스,True,커터,142,F,False,24,2루수 앞 땅볼로 출루,2실,3,0,2,0
250924_201533,6,4,-0.600736,0.7083,3.579,1.736,-132.638,-2.2997,2.96536,6.07805,50.0,-0.733743,-13.5376,27.824,-16.7177,L,3.8817,False,9,0,2,1,0,2,0,0,53375,R,SS,후라도,54529,LT,3,레이예스,True,직구,148,F,True,52,2루수 앞 땅볼로 출루,2실,3,0,2,0
250924_201557,6,5,-0.162559,0.7083,3.579,1.736,-122.587,-5.64949,5.50731,5.71387,50.0,-0.99506,-16.7799,25.3638,-24.2891,L,1.0919,False,9,0,2,1,0,2,0,0,53375,R,SS,후라도,54529,LT,3,레이예스,True,체인지업,137,H,True,13,2루수 앞 땅볼로 출루,2실,3,0,2,0
250924_201657,6,1,-1.10135,0.7083,3.389,1.644,-131.423,-6.67446,3.16539,5.77986,50.0,-0.949242,-18.0799,30.4848,-25.0016,R,1.1282,False,9,0,0,1,0,3,0,2,53375,R,SS,후라도,78513,LT,4,전준우,True,투심,147,B,False,11,중견수 앞 1루타,중안,4,3,0,1
250924_201715,6,2,0.555211,0.7083,3.389,1.644,-121.566,-2.85881,2.98149,6.11556,50.0,-0.641425,-0.770827,25.8788,-32.561,R,1.8578,False,9,0,1,1,0,3,0,2,53375,R,SS,후라도,78513,LT,4,전준우,True,슬라이더,135,S,False,24,중견수 앞 1루타,중안,4,3,0,1
250924_201737,6,3,0.061234,0.7083,3.389,1.644,-130.528,-5.75676,5.48624,5.66891,50.0,-0.923373,-15.1732,25.1128,-21.3763,R,1.6801,False,9,0,1,1,0,3,0,2,53375,R,SS,후라도,78513,LT,4,전준우,True,투심,147,H,False,23,중견수 앞 1루타,중안,4,3,0,1
250924_201906,6,1,0.905657,0.7083,3.446,1.671,-124.261,-5.68417,4.43368,6.03685,50.0,-0.854291,-0.894699,25.4687,-26.5744,R,1.2972,False,9,1,0,1,0,4,3,0,53375,R,SS,후라도,52591,LT,5,윤동희,True,커터,139,B,True,15,3루수 라인드라이브 아웃,3직,4,3,0,0
250924_201925,6,2,-0.06201,0.7083,3.446,1.671,-126.093,-5.34813,1.48304,6.06082,50.0,-0.650936,-0.172193,24.0824,-25.1742,R,1.7081,False,9,1,1,1,0,4,3,0,53375,R,SS,후라도,52591,LT,5,윤동희,True,커터,141,T,False,23,3루수 라인드라이브 아웃,3직,4,3,0,0
250924_201945,6,3,1.31015,0.7083,3.446,1.671,-125.617,-6.18417,4.59161,6.04968,50.0,-0.447931,-1.48852,26.5244,-23.9012,R,1.4035,False,9,1,1,2,0,4,3,0,53375,R,SS,후라도,52591,LT,5,윤동희,True,커터,140,B,True,15,3루수 라인드라이브 아웃,3직,4,3,0,0
250924_202004,6,4,0.568451,0.7083,3.446,1.671,-124.711,-4.83707,1.97481,6.07086,50.0,-0.594388,4.17326,22.7862,-23.0679,R,2.0511,False,9,1,2,2,0,4,3,0,53375,R,SS,후라도,52591,LT,5,윤동희,True,커터,140,F,False,24,3루수 라인드라이브 아웃,3직,4,3,0,0
250924_202037,6,5,-0.515273,0.7083,3.446,1.671,-121.832,-2.75237,4.38546,5.78209,50.0,-0.854883,-16.9589,24.2737,-26.3542,R,2.1803,False,9,1,2,2,0,4,3,0,53375,R,SS,후라도,52591,LT,5,윤동희,True,체인지업,136,H,False,22,3루수 라인드라이브 아웃,3직,4,3,0,0
250924_202117,6,1,-0.174318,0.7083,3.459,1.678,-132.893,-4.03875,3.93596,5.98688,50.0,-0.569966,-14.9901,32.8404,-18.8715,L,2.9127,False,9,1,0,0,1,4,3,0,53375,R,SS,후라도,51551,LT,6,나승엽,True,직구,148,H,False,43,중견수 앞 1루타,중안,6,4,0,1
250924_202205,6,1,0.028161,0.7083,3.325,1.613,-132.453,-3.08287,6.35347,5.90272,50.0,-0.923483,-20.1031,28.2373,-22.1753,R,2.9664,False,9,2,1,0,1,6,4,0,53375,R,SS,후라도,68205,LT,7,전민재,True,투심,148,T,False,43,투수 병살타 아웃 (투수->유격수->1루수 송구아웃),투병,0,4,0,0
250924_202223,6,2,0.817763,0.7083,3.325,1.613,-127.088,-5.63084,4.06807,5.97798,50.0,-0.673235,-1.88919,25.8634,-24.9015,R,1.5671,False,9,2,1,0,1,6,4,0,53375,R,SS,후라도,68205,LT,7,전민재,True,커터,141,H,True,15,투수 병살타 아웃 (투수->유격수->1루수 송구아웃),투병,0,4,0,0
250924_202435,6,1,-1.28371,0.7083,3.548,1.721,-121.262,0.089117,4.06246,5.55164,50.0,-1.77152,-13.7587,22.1591,-27.6927,L,3.0397,True,9,2,0,1,0,0,0,0,55526,R,LT,벨라스케즈,62404,SS,3,구자욱,False,체인지업,136,B,True,41,3루수 땅볼 아웃 (3루수->1루수 송구아웃),3땅,0,0,0,0
250924_202450,6,2,-0.289917,0.7083,3.548,1.721,-132.577,-3.84973,5.12608,5.46992,50.0,-1.66919,-8.104,28.837,-16.0336,L,2.7084,True,9,2,1,1,0,0,0,0,55526,R,LT,벨라스케즈,62404,SS,3,구자욱,False,직구,148,T,False,32,3루수 땅볼 아웃 (3루수->1루수 송구아웃),3땅,0,0,0,0
250924_202508,6,3,-0.34601,0.7083,3.548,1.721,-120.143,1.93405,2.44247,5.71804,50.0,-1.8681,5.18774,23.6498,-33.0737,L,3.433,True,9,2,2,1,0,0,0,0,55526,R,LT,벨라스케즈,62404,SS,3,구자욱,False,슬라이더,134,T,False,42,3루수 땅볼 아웃 (3루수->1루수 송구아웃),3땅,0,0,0,0
250924_202531,6,4,-0.895487,0.7083,3.548,1.721,-134.972,-4.77591,3.16812,5.49077,50.0,-1.54141,-7.73305,30.4425,-12.9921,L,2.666,True,9,2,2,1,0,0,0,0,55526,R,LT,벨라스케즈,62404,SS,3,구자욱,False,직구,151,F,False,31,3루수 땅볼 아웃 (3루수->1루수 송구아웃),3땅,0,0,0,0
250924_202559,6,5,-1.24834,0.7083,3.548,1.721,-123.383,-1.25946,4.38997,5.44713,50.0,-1.87125,-13.9027,23.849,-28.8968,L,2.336,True,9,2,2,1,0,0,0,0,55526,R,LT,벨라스케즈,62404,SS,3,구자욱,False,체인지업,138,H,True,31,3루수 땅볼 아웃 (3루수->1루수 송구아웃),3땅,0,0,0,0
250924_202641,6,1,-0.426459,0.7083,3.545,1.719,-121.083,-4.17376,2.24154,5.46544,50.0,-1.90386,5.86694,22.6781,-28.4507,L,1.0359,True,9,2,0,1,1,0,0,0,55526,R,LT,벨라스케즈,54400,SS,4,디아즈,False,슬라이더,135,B,True,12,2루수 오른쪽 내야안타,2안,4,0,0,0
250924_202657,6,2,0.885474,0.7083,3.545,1.719,-122.407,-1.671,5.74914,5.54655,50.0,-1.75296,2.71391,21.1183,-28.5084,L,2.2758,True,9,2,1,1,1,0,0,0,55526,R,LT,벨라스케즈,54400,SS,4,디아즈,False,슬라이더,137,F,True,25,2루수 오른쪽 내야안타,2안,4,0,0,0
250924_202719,6,3,0.138142,0.7083,3.545,1.719,-123.474,-2.53144,3.4776,5.54671,50.0,-1.75285,5.14949,23.6694,-30.5053,L,1.762,True,9,2,1,1,1,0,0,0,55526,R,LT,벨라스케즈,54400,SS,4,디아즈,False,슬라이더,137,H,False,23,2루수 오른쪽 내야안타,2안,4,0,0,0
250924_202808,6,1,-0.346767,0.7083,3.349,1.624,-123.78,-4.37799,4.83634,5.34777,50.0,-1.77839,-6.64299,21.9383,-25.6756,L,1.2514,True,9,2,1,0,1,4,0,0,55526,R,LT,벨라스케즈,52430,SS,5,김영웅,True,체인지업,138,S,False,12,3루수 앞 땅볼로 출루,3땅,5,0,0,0
250924_202826,6,2,-0.306254,0.7083,3.349,1.624,-126.446,-5.22927,5.80673,5.29838,50.0,-1.74269,-11.1473,22.2206,-23.9561,L,1.1377,True,9,2,1,1,1,4,0,0,55526,R,LT,벨라스케즈,52430,SS,5,김영웅,True,체인지업,141,B,False,12,3루수 앞 땅볼로 출루,3땅,5,0,0,0
250924_202846,6,3,-1.32793,0.7083,3.349,1.624,-124.838,0.434746,3.00622,5.45881,50.0,-1.86309,-8.30228,21.0641,-27.9331,L,3.2333,True,9,2,1,2,1,4,0,0,55526,R,LT,벨라스케즈,52430,SS,5,김영웅,True,체인지업,140,B,True,41,3루수 앞 땅볼로 출루,3땅,5,0,0,0
250924_202918,6,4,-1.00289,0.7083,3.349,1.624,-132.429,-3.79141,4.65606,5.45632,50.0,-1.61712,-15.8253,28.9706,-17.3311,L,2.611,True,9,2,1,2,1,4,0,0,55526,R,LT,벨라스케즈,52430,SS,5,김영웅,True,투심,147,H,False,31,3루수 앞 땅볼로 출루,3땅,5,0,0,0
250924_203004,6,1,-0.377916,0.7083,3.247,1.575,-120.59,-2.04592,2.35643,5.5432,50.0,-1.72227,3.73627,23.3817,-29.5357,R,1.8917,True,9,2,0,0,2,5,0,0,55526,R,LT,벨라스케즈,66409,SS,6,이성규,True,슬라이더,134,H,False,22,좌익수 플라이 아웃,좌비,5,0,0,0
250924_203247,7,1,1.19354,0.7083,3.417,1.657,-122.508,-1.2049,4.42788,5.664,50.0,-0.787694,1.46522,22.5472,-28.9031,L,2.5451,False,9,2,0,1,0,0,0,0,68415,R,SS,양창섭,62931,LT,8,노진혁,False,슬라이더,137,B,True,35,우익수 플라이 아웃,우비,0,0,0,0
250924_203311,7,2,0.57899,0.7083,3.417,1.657,-131.588,-4.59437,6.91071,5.50357,50.0,-0.868786,-16.4185,30.6291,-19.0565,L,2.1602,False,9,2,0,1,0,0,0,0,68415,R,SS,양창섭,62931,LT,8,노진혁,False,투심,147,H,False,24,우익수 플라이 아웃,우비,0,0,0,0
250924_203348,7,1,0.488566,0.7083,3.214,1.559,-132.705,-2.16578,7.10996,5.58957,50.0,-0.935529,-17.733,30.8607,-18.7903,L,3.2691,False,9,2,1,0,1,0,0,0,68415,R,SS,양창섭,55530,LT,9,박찬형,False,투심,148,T,True,54,삼진 아웃,삼진,0,0,0,0
250924_203406,7,2,-1.62501,0.7083,3.214,1.559,-120.556,1.55523,1.62345,5.5524,50.0,-1.08646,-13.4136,26.568,-26.2598,L,3.7379,False,9,2,1,1,1,0,0,0,68415,R,SS,양창섭,55530,LT,9,박찬형,False,포크,134,B,True,51,삼진 아웃,삼진,0,0,0,0
250924_203426,7,3,0.778926,0.7083,3.214,1.559,-123.777,-4.00243,3.97973,5.5775,50.0,-0.879691,0.090557,23.854,-26.4852,L,1.5448,False,9,2,2,1,1,0,0,0,68415,R,SS,양창섭,55530,LT,9,박찬형,False,슬라이더,138,F,True,15,삼진 아웃,삼진,0,0,0,0
250924_203451,7,4,0.591279,0.7083,3.214,1.559,-135.281,-7.1998,7.14647,5.36111,50.0,-0.926475,-16.6255,34.4721,-16.6401,L,1.3032,False,9,2,3,1,1,0,0,0,68415,R,SS,양창섭,55530,LT,9,박찬형,False,직구,151,S,False,14,삼진 아웃,삼진,0,0,0,0
250924_203519,7,1,-0.298339,0.7083,3.261,1.582,-133.61,-5.0411,3.93588,5.44002,50.0,-0.962903,-11.4626,33.0433,-17.2862,R,2.1197,False,9,2,1,0,2,0,0,0,68415,R,SS,양창섭,69508,LT,1,신윤후,False,투심,149,F,False,22,3루수 땅볼 아웃 (3루수->1루수 송구아웃),3땅,0,0,0,0
250924_203542,7,2,-1.19722,0.7083,3.261,1.582,-134.913,-0.265911,3.09181,5.68972,50.0,-1.01844,-18.6031,31.8268,-23.0438,R,3.8483,False,9,2,1,1,2,0,0,0,68415,R,SS,양창섭,69508,LT,1,신윤후,False,투심,150,B,True,51,3루수 땅볼 아웃 (3루수->1루수 송구아웃),3땅,0,0,0,0
250924_203607,7,3,0.133239,0.7083,3.261,1.582,-113.206,0.408883,1.96574,5.37729,50.0,-1.10023,3.2988,20.7203,-38.6908,R,1.4522,False,9,2,1,1,2,0,0,0,68415,R,SS,양창섭,69508,LT,1,신윤후,False,커브,127,H,False,13,3루수 땅볼 아웃 (3루수->1루수 송구아웃),3땅,0,0,0,0
250924_203828,7,1,-0.28905,0.7083,2.994,1.452,-131.164,-1.82002,6.31825,5.52283,50.0,-1.62881,-14.8013,28.3109,-20.3373,L,3.1845,True,9,2,0,1,0,0,0,0,55526,R,LT,벨라스케즈,50458,SS,7,김지찬,False,직구,147,B,True,52,볼넷,4구,7,0,0,0
250924_203841,7,2,-1.50506,0.7083,2.994,1.452,-133.411,-2.7265,3.41433,5.42188,50.0,-1.87729,-12.6866,30.23,-18.114,L,2.9593,True,9,2,0,2,0,0,0,0,55526,R,LT,벨라스케즈,50458,SS,7,김지찬,False,직구,149,B,True,41,볼넷,4구,7,0,0,0
250924_203858,7,3,0.747355,0.7083,2.994,1.452,-120.01,-3.74761,5.34542,5.56603,50.0,-1.76788,2.46995,22.8495,-26.8757,L,1.399,True,9,2,1,2,0,0,0,0,55526,R,LT,벨라스케즈,50458,SS,7,김지찬,False,슬라이더,134,F,True,15,볼넷,4구,7,0,0,0
250924_203927,7,4,-1.35453,0.7083,2.994,1.452,-133.254,-2.43235,4.22518,5.44075,50.0,-1.80896,-15.7145,33.7876,-22.6361,L,2.714,True,9,2,1,3,0,0,0,0,55526,R,LT,벨라스케즈,50458,SS,7,김지찬,False,투심,149,B,True,41,볼넷,4구,7,0,0,0
250924_203944,7,5,-0.431846,0.7083,2.994,1.452,-133.643,-2.07031,4.27562,5.53683,50.0,-1.57181,-6.91559,35.6074,-14.4789,L,3.5902,True,9,2,1,4,0,0,0,0,55526,R,LT,벨라스케즈,50458,SS,7,김지찬,False,투심,149,B,True,52,볼넷,4구,7,0,0,0
250924_204025,7,1,0.352197,0.7083,3.422,1.66,-122.871,-1.66225,4.07973,5.5942,50.0,-1.62106,2.92145,26.7363,-30.056,R,2.1481,True,9,2,0,0,0,7,0,0,55526,R,LT,벨라스케즈,74540,SS,8,강민호,True,슬라이더,136,H,False,24,좌익수 앞 1루타,좌안,8,7,0,0
250924_204111,7,1,0.518914,0.7083,3.164,1.535,-134.049,-7.84292,6.97967,5.26979,50.0,-1.37666,-10.6615,30.4337,-12.3481,R,1.2683,True,9,2,0,1,0,8,7,0,55526,R,LT,벨라스케즈,54408,SS,9,양도근,True,직구,150,B,False,14,우익수 플라이 아웃,우비,8,7,0,0
250924_204132,7,2,-0.173725,0.7083,3.164,1.535,-115.647,-1.81513,2.68144,5.68217,50.0,-1.66802,2.91422,25.2396,-39.2474,R,0.795,True,9,2,0,2,0,8,7,0,55526,R,LT,벨라스케즈,54408,SS,9,양도근,True,커브,128,B,True,13,우익수 플라이 아웃,우비,8,7,0,0
250924_204152,7,3,-0.332983,0.7083,3.164,1.535,-131.54,-2.4585,5.70768,5.52423,50.0,-1.34344,-15.982,26.7567,-18.6599,R,3.0869,True,9,2,0,2,0,8,7,0,55526,R,LT,벨라스케즈,54408,SS,9,양도근,True,투심,147,H,False,42,우익수 플라이 아웃,우비,8,7,0,0
250924_204235,7,1,-0.877326,0.7083,3.287,1.594,-114.885,4.79496,-0.039681,5.87645,50.0,-1.61382,7.48642,22.6324,-43.9545,R,3.4981,True,9,2,0,1,1,8,7,0,55526,R,LT,벨라스케즈,52415,SS,1,이재현,True,커브,128,B,True,51,유격수 앞 땅볼로 출루,유땅,1,0,7,0
250924_204253,7,2,0.681496,0.7083,3.287,1.594,-115.788,-0.140777,3.41923,5.71722,50.0,-1.46167,6.34956,21.3465,-39.1333,R,1.6821,True,9,2,1,1,1,8,7,0,55526,R,LT,벨라스케즈,52415,SS,1,이재현,True,커브,129,T,False,24,유격수 앞 땅볼로 출루,유땅,1,0,7,0
250924_204318,7,3,-0.25719,0.7083,3.287,1.594,-112.005,2.42103,1.76784,5.8218,50.0,-1.48821,3.94938,21.0744,-40.1949,R,2.5707,True,9,2,2,1,1,8,7,0,55526,R,LT,벨라스케즈,52415,SS,1,이재현,True,커브,124,F,False,32,유격수 앞 땅볼로 출루,유땅,1,0,7,0
250924_204356,7,4,-0.921384,0.7083,3.287,1.594,-134.526,-2.26488,2.41864,5.50307,50.0,-1.42475,-5.77018,32.3412,-13.8502,R,3.5668,True,9,2,2,2,1,8,7,0,55526,R,LT,벨라스케즈,52415,SS,1,이재현,True,직구,150,B,True,51,유격수 앞 땅볼로 출루,유땅,1,0,7,0
250924_204420,7,5,0.394061,0.7083,3.287,1.594,-123.002,-4.26105,4.13075,5.50234,50.0,-1.43831,1.08966,27.2304,-32.4043,R,0.7352,True,9,2,2,3,1,8,7,0,55526,R,LT,벨라스케즈,52415,SS,1,이재현,True,슬라이더,137,B,True,14,유격수 앞 땅볼로 출루,유땅,1,0,7,0
250924_204440,7,6,-0.23876,0.7083,3.287,1.594,-133.75,-5.45708,5.87735,5.41534,50.0,-1.32958,-15.8135,29.56,-14.6823,R,2.1627,True,9,2,2,3,1,8,7,0,55526,R,LT,벨라스케즈,52415,SS,1,이재현,True,투심,150,H,False,32,유격수 앞 땅볼로 출루,유땅,1,0,7,0
250924_204609,7,1,-0.387837,0.7083,2.996,1.453,-118.151,1.86153,1.45696,5.75993,50.0,-1.57197,5.73359,24.5009,-41.3561,L,2.5168,True,9,2,1,0,2,1,0,7,55526,R,LT,벨라스케즈,67449,SS,2,김성윤,True,커브,132,T,False,42,볼넷,4구,2,1,7,0
250924_204628,7,2,-1.13789,0.7083,2.996,1.453,-126.992,-1.96596,3.78127,5.3551,50.0,-1.74366,-11.2674,28.8892,-22.6786,L,2.6074,True,9,2,1,1,2,1,0,7,55526,R,LT,벨라스케즈,67449,SS,2,김성윤,True,체인지업,142,B,False,41,볼넷,4구,2,1,7,0
250924_204649,7,3,1.02911,0.7083,2.996,1.453,-114.694,-5.64001,4.86971,5.39619,50.0,-1.51592,3.3002,26.0401,-36.2038,L,-1.0277,True,9,2,1,2,2,1,0,7,55526,R,LT,벨라스케즈,67449,SS,2,김성윤,True,커브,128,B,True,15,볼넷,4구,2,1,7,0
250924_204726,7,4,-0.870444,0.7083,2.996,1.453,-133.45,-1.00039,4.89512,5.53869,50.0,-1.68184,-14.4522,33.1853,-17.5526,L,3.7824,True,9,2,1,3,2,1,0,7,55526,R,LT,벨라스케즈,67449,SS,2,김성윤,True,직구,149,B,True,51,볼넷,4구,2,1,7,0
250924_204750,7,5,-0.551065,0.7083,2.996,1.453,-121.754,-3.60456,1.9416,5.49363,50.0,-1.71255,3.88269,22.1895,-31.9092,L,1.0403,True,9,2,1,4,2,1,0,7,55526,R,LT,벨라스케즈,67449,SS,2,김성윤,True,슬라이더,136,B,False,12,볼넷,4구,2,1,7,0
250924_204835,7,1,-0.58249,0.7083,3.548,1.721,-127.551,-0.00198,4.92408,5.56431,50.0,-1.65037,-11.2943,28.458,-23.1874,L,3.6067,True,9,2,1,0,2,2,1,7,55526,R,LT,벨라스케즈,62404,SS,3,구자욱,True,체인지업,143,T,True,52,우익수 플라이 아웃,우비,2,1,7,0
250924_204900,7,2,-0.497237,0.7083,3.548,1.721,-125.953,-5.14222,5.99498,5.25214,50.0,-1.59157,-16.2131,29.7819,-26.3595,L,0.8065,True,9,2,1,1,2,2,1,7,55526,R,LT,벨라스케즈,62404,SS,3,구자욱,True,체인지업,140,B,True,12,우익수 플라이 아웃,우비,2,1,7,0
250924_204922,7,3,-1.37583,0.7083,3.548,1.721,-126.458,-1.5409,3.79641,5.393,50.0,-1.75139,-14.1036,27.3216,-24.6742,L,2.6418,True,9,2,1,2,2,2,1,7,55526,R,LT,벨라스케즈,62404,SS,3,구자욱,True,체인지업,142,B,True,31,우익수 플라이 아웃,우비,2,1,7,0
250924_204946,7,4,-1.0276,0.7083,3.548,1.721,-126.521,-2.33096,4.36794,5.40158,50.0,-1.63748,-14.1144,25.4175,-23.0243,L,2.484,True,9,2,1,3,2,2,1,7,55526,R,LT,벨라스케즈,62404,SS,3,구자욱,True,체인지업,142,B,False,31,우익수 플라이 아웃,우비,2,1,7,0
250924_205012,7,5,-0.141252,0.7083,3.548,1.721,-134.194,-3.00472,4.7946,5.4646,50.0,-1.44852,-7.32205,35.3235,-16.3468,L,3.0222,True,9,2,1,3,2,2,1,7,55526,R,LT,벨라스케즈,62404,SS,3,구자욱,True,직구,149,H,False,43,우익수 플라이 아웃,우비,2,1,7,0
250924_205238,8,1,0.260546,0.7083,3.457,1.677,-123.247,-1.64374,3.50872,5.62295,50.0,-1.07448,-1.44339,23.0019,-27.5466,L,2.4721,False,9,2,1,0,0,0,0,0,68415,R,SS,양창섭,69517,LT,2,고승민,False,슬라이더,137,T,False,34,중견수 플라이 아웃,중비,0,0,0,0
250924_205256,8,2,-0.241474,0.7083,3.457,1.677,-122.434,0.065996,2.0276,5.80584,50.0,-1.05086,-0.448039,22.2781,-26.0396,L,3.4844,False,9,2,2,0,0,0,0,0,68415,R,SS,양창섭,69517,LT,2,고승민,False,슬라이더,137,T,True,52,중견수 플라이 아웃,중비,0,0,0,0
250924_205315,8,3,-0.247108,0.7083,3.457,1.677,-124.496,2.53982,3.11043,5.82069,50.0,-1.16323,-4.34257,26.8054,-30.4665,L,4.1934,False,9,2,2,1,0,0,0,0,68415,R,SS,양창섭,69517,LT,2,고승민,False,슬라이더,138,B,True,52,중견수 플라이 아웃,중비,0,0,0,0
250924_205334,8,4,0.233813,0.7083,3.457,1.677,-111.39,3.8014,1.21154,5.60484,50.0,-1.13037,7.49842,21.1907,-42.4723,L,2.7025,False,9,2,2,1,0,0,0,0,68415,R,SS,양창섭,69517,LT,2,고승민,False,커브,124,F,False,33,중견수 플라이 아웃,중비,0,0,0,0
250924_205400,8,5,-1.61761,0.7083,3.457,1.677,-132.704,0.07113,1.64077,5.61067,50.0,-1.18311,-14.2794,27.6483,-21.2678,L,3.9974,False,9,2,2,2,0,0,0,0,68415,R,SS,양창섭,69517,LT,2,고승민,False,직구,149,B,True,51,중견수 플라이 아웃,중비,0,0,0,0
250924_205424,8,6,-0.212937,0.7083,3.457,1.677,-117.579,-0.275834,4.34624,5.42757,50.0,-1.09714,-10.6223,24.9161,-29.6589,L,2.3499,False,9,2,2,2,0,0,0,0,68415,R,SS,양창섭,69517,LT,2,고승민,False,포크,131,H,False,33,중견수 플라이 아웃,중비,0,0,0,0
250924_205500,8,1,-0.173135,0.7083,3.579,1.736,-117.995,1.05054,4.36093,5.48979,50.0,-0.949689,-11.8161,25.0642,-30.6374,L,2.9269,False,9,2,0,0,1,0,0,0,68415,R,SS,양창섭,54529,LT,3,레이예스,False,포크,132,H,False,33,중견수 플라이 아웃,중비,0,0,0,0
250924_205753,8,1,-1.07281,0.7083,3.389,1.644,-118.092,-2.77437,-7.61256,6.22381,50.0,2.15753,0.913929,22.8135,-28.3924,R,2.2196,False,9,2,0,0,2,0,0,0,51454,L,SS,이승현,78513,LT,4,전준우,False,슬라이더,132,H,False,21,3루수 플라이 아웃,3비,0,0,0,0
250924_210040,8,1,0.288055,0.7083,3.545,1.719,-133.322,-1.67749,-5.03101,5.4625,50.0,1.39909,11.1785,33.3676,-10.6775,L,3.9698,True,9,2,0,1,0,0,0,0,55503,L,LT,이영재,54400,SS,4,디아즈,False,직구,149,B,True,54,몸에 맞는 볼,사구,4,0,0,0
250924_210057,8,2,-0.474708,0.7083,3.545,1.719,-107.585,1.12153,-1.95653,5.53559,50.0,1.47392,-8.50384,24.4856,-40.3217,L,1.2009,True,9,2,1,1,0,0,0,0,55503,L,LT,이영재,54400,SS,4,디아즈,False,커브,119,S,False,12,몸에 맞는 볼,사구,4,0,0,0
250924_210119,8,3,2.11559,0.7083,3.545,1.719,-107.072,5.61913,3.51335,5.85483,50.0,1.81977,-11.912,24.9588,-39.1521,L,3.8314,True,9,2,1,2,0,0,0,0,55503,L,LT,이영재,54400,SS,4,디아즈,False,커브,119,B,True,55,몸에 맞는 볼,사구,4,0,0,0
250924_210206,8,1,0.162978,0.7083,3.349,1.624,-132.027,-0.803891,-4.40732,5.51401,50.0,1.2612,8.2037,33.1766,-14.3055,L,4.0566,True,9,2,0,1,0,4,0,0,55503,L,LT,이영재,52430,SS,5,김영웅,True,직구,147,B,True,53,2루수 앞 땅볼로 출루,2땅,5,0,0,0
250924_210224,8,2,0.179953,0.7083,3.349,1.624,-129.316,-3.49227,-3.76651,5.3216,50.0,1.1471,6.71884,27.7823,-13.0205,L,2.8464,True,9,2,1,1,0,4,0,0,55503,L,LT,이영재,52430,SS,5,김영웅,True,직구,144,F,False,43,2루수 앞 땅볼로 출루,2땅,5,0,0,0
250924_210246,8,3,-0.286237,0.7083,3.349,1.624,-131.585,-4.9276,-5.94553,5.19245,50.0,1.23142,10.5895,30.3408,-14.7284,L,2.0618,True,9,2,2,1,0,4,0,0,55503,L,LT,이영재,52430,SS,5,김영웅,True,직구,147,T,False,22,2루수 앞 땅볼로 출루,2땅,5,0,0,0
250924_210306,8,4,-1.82336,0.7083,3.349,1.624,-116.961,-2.74597,-4.67912,5.27381,50.0,1.44063,-11.9834,27.3353,-26.9545,L,1.2897,True,9,2,2,1,0,4,0,0,55503,L,LT,이영재,52430,SS,5,김영웅,True,슬라이더,131,F,True,11,2루수 앞 땅볼로 출루,2땅,5,0,0,0
250924_210342,8,5,-1.02517,0.7083,3.349,1.624,-106.811,1.92099,-2.58557,5.64681,50.0,1.30779,-9.02624,23.3737,-39.2555,L,1.7899,True,9,2,2,1,0,4,0,0,55503,L,LT,이영재,52430,SS,5,김영웅,True,커브,120,F,False,21,2루수 앞 땅볼로 출루,2땅,5,0,0,0
250924_210405,8,6,-0.078651,0.7083,3.349,1.624,-132.757,-4.15861,-5.46535,5.13293,50.0,1.13995,12.0123,33.9677,-17.5242,L,2.1036,True,9,2,2,1,0,4,0,0,55503,L,LT,이영재,52430,SS,5,김영웅,True,직구,148,F,False,23,2루수 앞 땅볼로 출루,2땅,5,0,0,0
250924_210429,8,7,-0.294266,0.7083,3.349,1.624,-132.096,-6.03764,-6.3705,5.2085,50.0,1.11339,14.1925,34.0719,-17.0446,L,1.4421,True,9,2,2,1,0,4,0,0,55503,L,LT,이영재,52430,SS,5,김영웅,True,직구,147,H,False,12,2루수 앞 땅볼로 출루,2땅,5,0,0,0
250924_210513,8,1,0.388679,0.7083,3.247,1.575,-130.218,-2.55874,-3.44577,5.35675,50.0,1.18822,7.21381,30.6451,-12.0504,R,3.3464,True,9,2,1,0,1,5,0,0,55503,L,LT,이영재,66409,SS,6,이성규,True,직구,146,S,True,54,유격수 플라이 아웃,유비,5,0,0,0
250924_210530,8,2,-0.123992,0.7083,3.247,1.575,-104.504,4.46472,-0.517121,5.67327,50.0,1.36555,-9.91677,22.5076,-41.6481,R,2.6003,True,9,2,2,0,1,5,0,0,55503,L,LT,이영재,66409,SS,6,이성규,True,커브,117,T,False,33,유격수 플라이 아웃,유비,5,0,0,0
250924_210549,8,3,-1.05424,0.7083,3.247,1.575,-131.394,-7.97307,-7.39031,5.07183,50.0,0.979503,11.3804,34.69,-10.4321,R,1.0255,True,9,2,2,1,1,5,0,0,55503,L,LT,이영재,66409,SS,6,이성규,True,직구,147,B,False,11,유격수 플라이 아웃,유비,5,0,0,0
250924_210613,8,4,-1.51918,0.7083,3.247,1.575,-121.773,-5.99276,-9.13154,5.14341,50.0,0.818442,17.0989,27.8855,-22.2138,R,0.4823,True,9,2,2,2,1,5,0,0,55503,L,LT,이영재,66409,SS,6,이성규,True,체인지업,136,B,True,11,유격수 플라이 아웃,유비,5,0,0,0
250924_210640,8,5,-0.354662,0.7083,3.247,1.575,-130.291,-4.08549,-5.48104,5.19259,50.0,1.02829,10.0472,29.6241,-14.4745,R,2.3793,True,9,2,2,2,1,5,0,0,55503,L,LT,이영재,66409,SS,6,이성규,True,직구,146,H,False,32,유격수 플라이 아웃,유비,5,0,0,0
250924_210722,8,1,-2.08467,0.7083,3.417,1.657,-114.354,-2.14822,-5.56219,5.25754,50.0,1.08515,-6.43065,23.3131,-28.9481,R,1.227,True,9,2,0,1,2,5,0,0,55503,L,LT,이영재,51407,SS,7,이창용,True,슬라이더,128,B,True,11,삼진 아웃,삼진,5,0,0,0
250924_210745,8,2,-1.20733,0.7083,3.417,1.657,-130.535,-7.11519,-7.37447,5.14635,50.0,1.03549,8.68752,32.0307,-13.0466,R,1.22,True,9,2,0,2,2,5,0,0,55503,L,LT,이영재,51407,SS,7,이창용,True,직구,146,B,True,11,삼진 아웃,삼진,5,0,0,0
250924_210804,8,3,-0.300083,0.7083,3.417,1.657,-130.487,-2.82766,-5.87617,5.24937,50.0,1.1659,11.0068,32.3968,-12.9184,R,3.0577,True,9,2,1,2,2,5,0,0,55503,L,LT,이영재,51407,SS,7,이창용,True,직구,146,F,False,42,삼진 아웃,삼진,5,0,0,0
250924_210825,8,4,-0.649069,0.7083,3.417,1.657,-129.993,-4.3065,-5.89934,5.26933,50.0,0.996452,8.85358,30.1272,-11.9136,R,2.5618,True,9,2,2,2,2,5,0,0,55503,L,LT,이영재,51407,SS,7,이창용,True,직구,145,F,False,32,삼진 아웃,삼진,5,0,0,0
250924_210852,8,5,-0.435056,0.7083,3.417,1.657,-123.711,-4.6812,-5.9081,5.23237,50.0,1.06852,11.0832,29.9431,-21.5471,R,1.281,True,9,2,2,2,2,5,0,0,55503,L,LT,이영재,51407,SS,7,이창용,True,체인지업,138,F,False,12,삼진 아웃,삼진,5,0,0,0
250924_210924,8,6,1.07028,0.7083,3.417,1.657,-105.585,5.06859,1.62709,5.74619,50.0,1.31314,-8.60153,22.6428,-39.7893,R,3.3009,True,9,2,2,3,2,5,0,0,55503,L,LT,이영재,51407,SS,7,이창용,True,커브,118,B,True,45,삼진 아웃,삼진,5,0,0,0
250924_210947,8,7,-0.000448,0.7083,3.417,1.657,-132.267,-4.11406,-4.85412,5.33091,50.0,1.05,11.0894,32.2165,-12.6643,R,2.6974,True,9,2,2,3,2,5,0,0,55503,L,LT,이영재,51407,SS,7,이창용,True,직구,148,F,False,33,삼진 아웃,삼진,5,0,0,0
250924_211024,8,8,0.028108,0.7083,3.417,1.657,-130.783,-2.26117,-5.45572,5.39658,50.0,1.01396,14.9991,27.073,-17.191,R,3.128,True,9,2,3,3,2,5,0,0,55503,L,LT,이영재,51407,SS,7,이창용,True,직구,146,S,False,43,삼진 아웃,삼진,5,0,0,0
250924_211240,9,1,-0.02753,0.7083,3.446,1.671,-125.747,-8.69605,-5.5571,6.09374,50.0,2.01727,2.77559,26.8434,-18.4373,R,0.8791,False,9,2,0,1,0,0,0,0,51454,L,SS,이승현,52591,LT,5,윤동희,False,직구,140,B,True,13,중견수 왼쪽 1루타,중안,5,0,0,0
250924_211254,9,2,-1.19992,0.7083,3.446,1.671,-114.436,-3.6768,-7.17762,6.13583,50.0,2.19033,-1.52789,22.5101,-29.352,R,1.3817,False,9,2,1,1,0,0,0,0,51454,L,SS,이승현,52591,LT,5,윤동희,False,슬라이더,128,S,True,11,중견수 왼쪽 1루타,중안,5,0,0,0
250924_211314,9,3,-0.625282,0.7083,3.446,1.671,-116.941,-4.8417,-5.90716,6.05078,50.0,2.23983,-2.52056,25.7523,-28.3165,R,1.0076,False,9,2,1,2,0,0,0,0,51454,L,SS,이승현,52591,LT,5,윤동희,False,슬라이더,130,B,True,12,중견수 왼쪽 1루타,중안,5,0,0,0
250924_211330,9,4,-1.70169,0.7083,3.446,1.671,-127.382,-7.92225,-9.57796,5.95454,50.0,1.93429,3.29047,32.5408,-20.9326,R,0.8732,False,9,2,1,3,0,0,0,0,51454,L,SS,이승현,52591,LT,5,윤동희,False,직구,141,B,True,11,중견수 왼쪽 1루타,중안,5,0,0,0
250924_211352,9,5,-0.568785,0.7083,3.446,1.671,-127.504,-4.1755,-6.93866,6.13276,50.0,1.98824,3.07599,28.4067,-15.3332,R,3.122,False,9,2,2,3,0,0,0,0,51454,L,SS,이승현,52591,LT,5,윤동희,False,직구,142,F,False,42,중견수 왼쪽 1루타,중안,5,0,0,0
250924_211417,9,6,-0.082839,0.7083,3.446,1.671,-124.463,-5.27161,-6.40481,6.03778,50.0,2.06852,5.81967,25.5948,-19.3234,R,2.1214,False,9,2,2,3,0,0,0,0,51454,L,SS,이승현,52591,LT,5,윤동희,False,직구,139,H,False,23,중견수 왼쪽 1루타,중안,5,0,0,0
250924_211516,9,1,1.5583,0.7083,3.344,1.622,-114.954,-0.668665,-1.61325,6.23767,50.0,2.50352,-2.21683,22.0047,-28.6891,R,2.9672,False,9,2,0,1,0,5,0,0,51454,L,SS,이승현,77564,LT,6,김민성,True,슬라이더,128,B,True,45,3루수 병살타 아웃 (3루수->2루수->1루수 송구아웃),3병,0,0,0,0
250924_211532,9,2,-0.918387,0.7083,3.344,1.622,-126.002,-6.75908,-8.60877,6.00786,50.0,2.08925,6.06194,25.3914,-16.0775,R,1.8305,False,9,2,0,2,0,5,0,0,51454,L,SS,이승현,77564,LT,6,김민성,True,직구,141,B,False,21,3루수 병살타 아웃 (3루수->2루수->1루수 송구아웃),3병,0,0,0,0
250924_211549,9,3,-0.005786,0.7083,3.344,1.622,-125.207,-4.58641,-5.49731,6.07543,50.0,2.17332,0.816285,22.6598,-15.384,R,2.8482,False,9,2,0,2,0,5,0,0,51454,L,SS,이승현,77564,LT,6,김민성,True,직구,140,H,False,43,3루수 병살타 아웃 (3루수->2루수->1루수 송구아웃),3병,0,0,0,0
250924_211629,9,1,-1.15803,0.7083,3.318,1.609,-127.992,-5.97312,-8.66732,5.98666,50.0,1.97859,4.59842,31.7519,-15.5899,R,2.2067,False,9,2,0,1,2,0,0,0,51454,L,SS,이승현,52568,LT,7,한태양,False,직구,142,B,False,31,좌중간 2루타,좌중2,0,7,0,0
250924_211642,9,2,-0.853334,0.7083,3.318,1.609,-126.685,-6.40891,-7.70332,5.97013,50.0,1.89754,4.67822,28.1377,-14.2676,R,2.098,False,9,2,1,1,2,0,0,0,51454,L,SS,이승현,52568,LT,7,한태양,False,직구,141,T,False,21,좌중간 2루타,좌중2,0,7,0,0
250924_211656,9,3,0.452078,0.7083,3.318,1.609,-103.917,4.05228,-1.88128,6.56245,50.0,2.25439,-6.88223,21.5291,-41.9154,R,3.2148,False,9,2,2,1,2,0,0,0,51454,L,SS,이승현,52568,LT,7,한태양,False,커브,116,T,False,44,좌중간 2루타,좌중2,0,7,0,0
250924_211712,9,4,-0.459597,0.7083,3.318,1.609,-126.821,-5.35992,-6.82793,6.06806,50.0,2.02722,3.48236,27.1044,-15.8292,R,2.5112,False,9,2,2,1,2,0,0,0,51454,L,SS,이승현,52568,LT,7,한태양,False,직구,142,H,False,32,좌중간 2루타,좌중2,0,7,0,0
250924_211806,9,1,0.870329,0.7083,3.358,1.629,-104.362,0.759126,-1.4011,6.37862,50.0,2.26645,-5.62478,21.777,-42.3522,R,1.3452,False,9,2,0,1,2,0,7,0,51454,L,SS,이승현,55509,LT,8,박건우,True,커브,117,B,True,15,우익수 왼쪽 1루타,우안,0,8,0,1
250924_211822,9,2,-1.55042,0.7083,3.358,1.629,-126.049,-4.98088,-9.33315,6.02146,50.0,2.08921,2.07306,26.3608,-20.2043,R,2.2192,False,9,2,0,2,2,0,7,0,51454,L,SS,이승현,55509,LT,8,박건우,True,직구,141,B,True,31,우익수 왼쪽 1루타,우안,0,8,0,1
250924_211841,9,3,-1.14803,0.7083,3.358,1.629,-125.486,-5.94351,-8.39526,6.02206,50.0,2.06433,2.73045,25.632,-19.537,R,1.8571,False,9,2,1,2,2,0,7,0,51454,L,SS,이승현,55509,LT,8,박건우,True,직구,140,F,False,21,우익수 왼쪽 1루타,우안,0,8,0,1
250924_211908,9,4,-0.127396,0.7083,3.358,1.629,-125.477,-4.92571,-6.66894,6.06045,50.0,2.10102,6.00485,25.2539,-18.0009,R,2.4552,False,9,2,1,2,2,0,7,0,51454,L,SS,이승현,55509,LT,8,박건우,True,직구,140,H,False,33,우익수 왼쪽 1루타,우안,0,8,0,1
250924_212059,9,1,-0.295382,0.7083,3.214,1.559,-118.865,-6.25278,-6.25117,5.91419,50.0,2.26512,1.54755,22.9764,-24.4887,L,0.8044,False,9,3,1,0,2,0,8,0,51454,L,SS,이승현,55530,LT,9,박찬형,True,슬라이더,132,S,True,12,좌중간 1루타,좌중안,9,0,0,1
250924_212118,9,2,-1.98438,0.7083,3.214,1.559,-118.258,-6.37336,-8.88691,5.85349,50.0,2.11691,-2.3849,23.8587,-27.6097,L,0.329,False,9,3,1,1,2,0,8,0,51454,L,SS,이승현,55530,LT,9,박찬형,True,슬라이더,132,B,True,11,좌중간 1루타,좌중안,9,0,0,1
250924_212140,9,3,-0.979818,0.7083,3.214,1.559,-119.966,-5.76521,-6.62662,5.91074,50.0,2.32215,-4.972,23.8417,-23.5515,L,1.1643,False,9,3,2,1,2,0,8,0,51454,L,SS,이승현,55530,LT,9,박찬형,True,슬라이더,133,F,False,11,좌중간 1루타,좌중안,9,0,0,1
250924_212203,9,4,0.121563,0.7083,3.214,1.559,-105.004,1.33634,-2.98755,6.38932,50.0,2.24708,-5.26553,22.1378,-42.0347,L,1.7474,False,9,3,2,1,2,0,8,0,51454,L,SS,이승현,55530,LT,9,박찬형,True,커브,117,F,False,23,좌중간 1루타,좌중안,9,0,0,1
250924_212226,9,5,-1.51712,0.7083,3.214,1.559,-127.694,-5.55758,-8.60661,6.00402,50.0,2.08266,-1.5532,27.5141,-15.9809,L,2.3866,False,9,3,2,2,2,0,8,0,51454,L,SS,이승현,55530,LT,9,박찬형,True,직구,142,B,True,31,좌중간 1루타,좌중안,9,0,0,1
250924_212245,9,6,-0.652085,0.7083,3.214,1.559,-116.186,-3.94722,-6.34504,5.91128,50.0,2.29677,-1.26702,24.3314,-29.1745,L,1.1519,False,9,3,2,2,2,0,8,0,51454,L,SS,이승현,55530,LT,9,박찬형,True,슬라이더,129,H,False,12,좌중간 1루타,좌중안,9,0,0,1
250924_212531,9,1,0.353994,0.7083,3.261,1.582,-104.974,4.38851,5.15331,3.4555,50.0,-2.54092,3.02744,18.6353,-31.6126,R,1.7169,False,9,4,1,0,2,9,0,0,61268,R,SS,양현,69508,LT,1,신윤후,True,커브,117,T,False,24,유격수 앞 땅볼로 출루,유땅,1,0,0,0
250924_212550,9,2,-0.743237,0.7083,3.261,1.582,-105.792,3.44535,2.99885,3.43518,50.0,-2.72644,4.38189,19.2958,-29.1808,R,1.566,False,9,4,2,0,2,9,0,0,61268,R,SS,양현,69508,LT,1,신윤후,True,커브,118,F,False,11,유격수 앞 땅볼로 출루,유땅,1,0,0,0
250924_212618,9,3,1.42148,0.7083,3.261,1.582,-117.301,0.955248,12.0686,3.57094,50.0,-2.4058,-15.2903,23.3907,-37.9775,R,0.2183,False,9,4,2,1,2,9,0,0,61268,R,SS,양현,69508,LT,1,신윤후,True,투심,131,B,True,15,유격수 앞 땅볼로 출루,유땅,1,0,0,0
250924_212646,9,4,-0.802061,0.7083,3.261,1.582,-106.447,4.44961,3.43714,3.47189,50.0,-2.57977,0.904092,20.775,-26.9547,R,2.3856,False,9,4,2,1,2,9,0,0,61268,R,SS,양현,69508,LT,1,신윤후,True,커브,119,F,False,31,유격수 앞 땅볼로 출루,유땅,1,0,0,0
250924_212720,9,5,-0.067171,0.7083,3.261,1.582,-107.67,4.47008,4.3371,3.45461,50.0,-2.48752,2.89077,21.5616,-29.644,R,2.1037,False,9,4,2,1,2,9,0,0,61268,R,SS,양현,69508,LT,1,신윤후,True,커브,120,F,False,23,유격수 앞 땅볼로 출루,유땅,1,0,0,0
250924_212747,9,6,0.843024,0.7083,3.261,1.582,-116.7,0.213426,10.781,3.66509,50.0,-2.33544,-16.2418,23.3834,-37.5369,R,-0.0164,False,9,4,2,2,2,9,0,0,61268,R,SS,양현,69508,LT,1,신윤후,True,투심,131,B,True,15,유격수 앞 땅볼로 출루,유땅,1,0,0,0
250924_212817,9,7,-0.358038,0.7083,3.261,1.582,-119.034,2.41639,8.21639,3.73969,50.0,-2.46825,-15.4641,25.6775,-39.5017,R,0.9637,False,9,4,2,2,2,9,0,0,61268,R,SS,양현,69508,LT,1,신윤후,True,투심,133,F,True,12,유격수 앞 땅볼로 출루,유땅,1,0,0,0
250924_212847,9,8,-0.687789,0.7083,3.261,1.582,-116.384,2.87741,7.06903,3.83729,50.0,-2.50803,-13.3482,21.6446,-37.2763,R,1.3815,False,9,4,2,2,2,9,0,0,61268,R,SS,양현,69508,LT,1,신윤후,True,투심,130,F,False,12,유격수 앞 땅볼로 출루,유땅,1,0,0,0
250924_212920,9,9,0.440429,0.7083,3.261,1.582,-106.486,4.31366,6.01243,3.40678,50.0,-2.54116,0.58126,19.6454,-30.6896,R,1.8162,False,9,4,2,2,2,9,0,0,61268,R,SS,양현,69508,LT,1,신윤후,True,커브,119,H,False,24,유격수 앞 땅볼로 출루,유땅,1,0,0,0
