pitch_id,inning,ball_count,plate_x_ft,plate_y_ft,strikezone_top,strikezone_btm,vy0,vz0,vx0,z0,y0,x0,ax,ay,az,batter_stance,plate_z_ft,is_batter_home,home_score,away_score,strike,ball,out,base1,base2,base3,pitcher_id,pitcher_stance,pitcher_team_code,pitcher_name,batter_id,batter_team_code,batter_lineup_pos,batter_name,is_throwing_stretch,pitch_type,pitch_speed_kph,pitch_result,is_outside_boundary,zone_5x5_id,pa_result_long,pa_result_short,pa_result_base1,pa_result_base2,pa_result_base3
250930_183034,1,1.0,0.285123,0.7083,3.318,1.609,-138.117,-3.86838,6.81743,5.79684,50.0,-2.12807,-1.93979,33.5476,-16.2961,R,3.1553,False,0,0,1,0,0,0,0,0,54755,R,HH,와이스,52568,LT,1,한태양,False,직구,155,S,False,44,삼진 아웃,삼진,0,0,0
250930_183050,1,2.0,1.16621,0.7083,3.318,1.609,-137.696,-7.51843,9.68701,5.65063,50.0,-2.00409,-6.57584,33.3501,-12.9964,R,1.847,False,0,0,1,1,0,0,0,0,54755,R,HH,와이스,52568,LT,1,한태양,False,직구,155,B,True,25,삼진 아웃,삼진,0,0,0
250930_183104,1,3.0,-0.521843,0.7083,3.318,1.609,-137.857,-4.26827,5.4318,5.75096,50.0,-2.24844,-4.37129,32.7997,-13.8256,R,3.1321,False,0,0,2,1,0,0,0,0,54755,R,HH,와이스,52568,LT,1,한태양,False,직구,154,S,False,42,삼진 아웃,삼진,0,0,0
250930_183125,1,4.0,0.983925,0.7083,3.318,1.609,-138.688,-10.1946,8.59369,5.72795,50.0,-1.7403,-6.63961,29.258,-8.99449,R,1.2673,False,0,0,2,2,0,0,0,0,54755,R,HH,와이스,52568,LT,1,한태양,False,직구,154,B,True,15,삼진 아웃,삼진,0,0,0
250930_183141,1,5.0,1.07423,0.7083,3.318,1.609,-121.92,-4.36923,5.19935,5.71084,50.0,-2.25802,12.8109,23.9338,-32.9498,R,0.8212,False,0,0,3,2,0,0,0,0,54755,R,HH,와이스,52568,LT,1,한태양,False,스위퍼,137,S,True,15,삼진 아웃,삼진,0,0,0
250930_183215,1,1.0,-0.975697,0.7083,3.457,1.677,-138.641,-4.78323,4.3035,5.68765,50.0,-2.16258,-5.95396,31.1866,-13.3054,L,2.9428,False,0,0,0,1,1,0,0,0,54755,R,HH,와이스,69517,LT,2,고승민,False,직구,156,B,False,41,유격수 플라이 아웃,유비,0,0,0
250930_183228,1,2.0,-0.711918,0.7083,3.457,1.677,-116.489,2.64625,0.947418,6.16039,50.0,-2.14262,10.2618,24.369,-42.83,L,3.0072,False,0,0,1,1,1,0,0,0,54755,R,HH,와이스,69517,LT,2,고승민,False,커브,130,T,False,41,유격수 플라이 아웃,유비,0,0,0
250930_183241,1,3.0,-0.520939,0.7083,3.457,1.677,-128.91,-4.05346,6.68031,5.65053,50.0,-2.23117,-12.0304,28.8267,-34.6164,L,1.1459,False,0,0,2,1,1,0,0,0,54755,R,HH,와이스,69517,LT,2,고승민,False,체인지업,142,S,False,12,유격수 플라이 아웃,유비,0,0,0
250930_183256,1,4.0,0.638952,0.7083,3.457,1.677,-138.931,-5.26189,8.09375,5.68135,50.0,-1.92046,-6.33752,30.3905,-15.6304,L,2.6058,False,0,0,2,1,1,0,0,0,54755,R,HH,와이스,69517,LT,2,고승민,False,직구,156,H,False,34,유격수 플라이 아웃,유비,0,0,0
250930_183328,1,1.0,0.929813,0.7083,3.579,1.736,-137.885,-6.60595,9.12899,5.57868,50.0,-1.91658,-8.13151,32.8132,-13.6594,L,2.0848,False,0,0,0,1,2,0,0,0,54755,R,HH,와이스,54529,LT,3,레이예스,False,직구,155,B,True,25,유격수 플라이 아웃,유비,0,0,0
250930_183340,1,2.0,0.798557,0.7083,3.579,1.736,-137.241,-4.44761,9.03813,5.62166,50.0,-2.08601,-7.23768,32.0884,-14.7762,L,2.8514,False,0,0,0,1,2,0,0,0,54755,R,HH,와이스,54529,LT,3,레이예스,False,직구,154,H,True,35,유격수 플라이 아웃,유비,0,0,0
250930_183547,1,1.0,-1.43557,0.7083,3.21,1.557,-123.854,-2.44551,2.76552,5.72148,50.0,-1.83387,-8.71745,22.4402,-28.6476,L,2.1726,True,0,0,0,1,0,0,0,0,55526,R,LT,벨라스케즈,77532,HH,1,손아섭,False,체인지업,135,B,True,31,좌익수 플라이 아웃,좌비,0,0,0
250930_183600,1,2.0,-1.04132,0.7083,3.21,1.557,-129.808,-2.15276,2.7822,5.72906,50.0,-1.96993,-2.1537,23.5448,-15.4979,L,3.6309,True,0,0,0,2,0,0,0,0,55526,R,LT,벨라스케즈,77532,HH,1,손아섭,False,직구,146,B,True,51,좌익수 플라이 아웃,좌비,0,0,0
250930_183616,1,3.0,-0.285093,0.7083,3.21,1.557,-131.617,-4.69918,4.84786,5.59305,50.0,-1.76311,-5.4168,26.4055,-12.3225,L,2.7699,True,0,0,1,2,0,0,0,0,55526,R,LT,벨라스케즈,77532,HH,1,손아섭,False,직구,147,T,False,42,좌익수 플라이 아웃,좌비,0,0,0
250930_183630,1,4.0,-0.443871,0.7083,3.21,1.557,-120.338,-0.692516,1.93891,5.81112,50.0,-1.92509,7.20056,22.1942,-32.6686,L,2.4522,True,0,0,2,2,0,0,0,0,55526,R,LT,벨라스케즈,77532,HH,1,손아섭,False,슬라이더,134,T,False,32,좌익수 플라이 아웃,좌비,0,0,0
250930_183645,1,5.0,0.225927,0.7083,3.21,1.557,-115.955,-1.44221,2.47428,5.84761,50.0,-1.65825,8.12852,19.4391,-42.8502,L,0.9008,True,0,0,2,2,0,0,0,0,55526,R,LT,벨라스케즈,77532,HH,1,손아섭,False,커브,130,H,True,13,좌익수 플라이 아웃,좌비,0,0,0
250930_183720,1,1.0,-0.380219,0.7083,3.417,1.657,-133.128,-4.16736,6.63076,5.68522,50.0,-1.72717,-16.2672,25.2111,-19.3814,L,2.5862,True,0,0,1,0,1,0,0,0,55526,R,LT,벨라스케즈,55703,HH,2,리베라토,False,투심,150,F,False,32,중견수 플라이 아웃,중비,0,0,0
250930_183741,1,2.0,-0.883762,0.7083,3.417,1.657,-132.757,1.82735,2.17836,5.85995,50.0,-1.66013,-0.912567,29.3383,-20.5898,L,4.9833,True,0,0,1,1,1,0,0,0,55526,R,LT,벨라스케즈,55703,HH,2,리베라토,False,직구,149,B,True,51,중견수 플라이 아웃,중비,0,0,0
250930_183801,1,3.0,-0.430448,0.7083,3.417,1.657,-112.341,1.55189,1.19969,5.95773,50.0,-1.75838,7.47099,19.5099,-41.8891,L,2.173,True,0,0,1,1,1,0,0,0,55526,R,LT,벨라스케즈,55703,HH,2,리베라토,False,커브,126,H,False,22,중견수 플라이 아웃,중비,0,0,0
250930_183841,1,1.0,-0.295818,0.7083,3.17,1.537,-125.828,-5.29788,5.70407,5.57859,50.0,-1.77102,-10.2057,22.218,-21.9193,L,1.5301,True,0,0,1,0,2,0,0,0,55526,R,LT,벨라스케즈,53764,HH,3,문현빈,False,체인지업,142,T,False,12,좌익수 플라이 아웃,좌비,0,0,0
250930_183859,1,2.0,-1.12153,0.7083,3.17,1.537,-122.523,-3.41013,0.667512,5.78577,50.0,-1.81401,4.74833,21.3389,-28.7363,L,1.7612,True,0,0,1,1,2,0,0,0,55526,R,LT,벨라스케즈,53764,HH,3,문현빈,False,슬라이더,138,B,False,21,좌익수 플라이 아웃,좌비,0,0,0
250930_183913,1,3.0,-0.306602,0.7083,3.17,1.537,-133.568,-8.91695,6.18583,5.43013,50.0,-1.56076,-15.2069,26.9887,-17.6478,L,0.6154,True,0,0,1,2,2,0,0,0,55526,R,LT,벨라스케즈,53764,HH,3,문현빈,False,직구,150,B,True,12,좌익수 플라이 아웃,좌비,0,0,0
250930_183932,1,4.0,-0.143922,0.7083,3.17,1.537,-116.534,0.52641,2.30093,5.93283,50.0,-1.80011,6.66566,20.177,-40.3744,L,2.1468,True,0,0,1,2,2,0,0,0,55526,R,LT,벨라스케즈,53764,HH,3,문현빈,False,커브,131,H,False,33,좌익수 플라이 아웃,좌비,0,0,0
250930_184146,2,1.0,-0.378151,0.7083,3.389,1.644,-118.749,0.023697,0.673887,5.92487,50.0,-2.28167,17.307,21.1502,-31.1025,R,2.9498,False,0,0,1,0,0,0,0,0,54755,R,HH,와이스,78513,LT,4,전준우,False,스위퍼,133,T,False,42,우익수 플라이 아웃,우비,0,0,0
250930_184159,2,2.0,-0.200763,0.7083,3.389,1.644,-137.254,-3.0133,5.7211,5.85183,50.0,-1.86184,-6.89863,31.3966,-13.9509,R,3.6922,False,0,0,2,0,0,0,0,0,54755,R,HH,와이스,78513,LT,4,전준우,False,직구,153,F,True,53,우익수 플라이 아웃,우비,0,0,0
250930_184218,2,3.0,-0.230138,0.7083,3.389,1.644,-121.371,0.388589,2.3482,5.88374,50.0,-2.21191,11.1688,20.9855,-37.3393,R,2.6335,False,0,0,2,0,0,0,0,0,54755,R,HH,와이스,78513,LT,4,전준우,False,스위퍼,136,H,False,33,우익수 플라이 아웃,우비,0,0,0
250930_184250,2,1.0,-1.34639,0.7083,3.459,1.678,-113.68,6.96446,-0.725286,6.44421,50.0,-2.12192,10.8468,19.3266,-41.8132,L,5.2529,False,0,0,0,1,1,0,0,0,54755,R,HH,와이스,51551,LT,5,나승엽,False,커브,128,B,True,51,1루수 땅볼 아웃 (1루수 1루 터치아웃),1땅,0,0,0
250930_184303,2,2.0,0.153291,0.7083,3.459,1.678,-135.626,-5.94923,9.04591,5.53993,50.0,-2.29725,-13.5249,26.4982,-15.1896,L,2.1474,False,0,0,0,1,1,0,0,0,54755,R,HH,와이스,51551,LT,5,나승엽,False,직구,152,H,False,23,1루수 땅볼 아웃 (1루수 1루 터치아웃),1땅,0,0,0
250930_184333,2,1.0,-2.21133,0.7083,3.325,1.613,-119.314,0.552958,-2.04813,5.88213,50.0,-2.53952,13.1229,20.3357,-30.8087,R,3.2052,False,0,0,0,1,2,0,0,0,54755,R,HH,와이스,68205,LT,6,전민재,False,스위퍼,134,B,True,41,몸에 맞는 볼,사구,6,0,0
250930_184416,2,1.0,-0.856243,0.7083,3.36,1.63,-136.444,-3.91263,5.17189,5.75085,50.0,-2.16324,-8.98211,25.7582,-14.2565,R,3.2339,False,0,0,1,0,2,6,0,0,54755,R,HH,와이스,50150,LT,7,손호영,True,직구,153,S,False,41,유격수 플라이 아웃,유비,6,0,0
250930_184432,2,2.0,-0.149914,0.7083,3.36,1.63,-135.844,-4.03748,6.96979,5.78504,50.0,-2.06781,-9.99973,27.5411,-16.16,R,3.0541,False,0,0,2,0,2,6,0,0,54755,R,HH,와이스,50150,LT,7,손호영,True,직구,152,S,False,43,유격수 플라이 아웃,유비,6,0,0
250930_184450,2,3.0,-0.160657,0.7083,3.36,1.63,-137.855,-5.02253,5.51116,5.91027,50.0,-1.85364,-5.08091,25.9031,-15.6474,R,2.9159,False,0,0,2,0,2,6,0,0,54755,R,HH,와이스,50150,LT,7,손호영,True,직구,155,F,False,43,유격수 플라이 아웃,유비,6,0,0
250930_184509,2,4.0,0.215133,0.7083,3.36,1.63,-118.739,1.36861,3.16171,5.86116,50.0,-2.26149,11.7287,23.7746,-39.9304,R,2.5897,False,0,0,2,0,2,6,0,0,54755,R,HH,와이스,50150,LT,7,손호영,True,스위퍼,133,H,False,33,유격수 플라이 아웃,유비,6,0,0
250930_184722,2,1.0,-0.613204,0.7083,3.349,1.624,-130.984,-5.38064,4.99022,5.65403,50.0,-1.64007,-12.0924,25.3664,-17.2695,R,2.1572,True,0,0,0,0,0,0,0,0,55526,R,LT,벨라스케즈,69737,HH,4,노시환,False,투심,147,H,False,22,3루수 땅볼 아웃 (3루수->1루수 송구아웃),3땅,0,0,0
250930_184810,2,1.0,-0.601161,0.7083,3.426,1.662,-127.572,-1.52165,4.10295,5.72003,50.0,-1.65326,-7.3859,24.0259,-17.0187,R,3.6863,True,0,0,0,1,1,0,0,0,55526,R,LT,벨라스케즈,79192,HH,5,채은성,False,투심,143,B,True,52,투수 땅볼 아웃 (투수->1루수 송구아웃),투땅,0,0,0
250930_184825,2,2.0,0.669706,0.7083,3.426,1.662,-120.48,-3.06767,4.37741,5.66265,50.0,-1.80873,6.85098,21.0558,-31.4687,R,1.4134,True,0,0,0,2,1,0,0,0,55526,R,LT,벨라스케즈,79192,HH,5,채은성,False,슬라이더,135,B,False,14,투수 땅볼 아웃 (투수->1루수 송구아웃),투땅,0,0,0
250930_184847,2,3.0,0.016179,0.7083,3.426,1.662,-130.855,-4.19442,5.91821,5.58315,50.0,-1.58436,-9.38929,27.4772,-15.6226,R,2.6681,True,0,0,1,2,1,0,0,0,55526,R,LT,벨라스케즈,79192,HH,5,채은성,False,투심,147,F,False,33,투수 땅볼 아웃 (투수->1루수 송구아웃),투땅,0,0,0
250930_184916,2,4.0,-1.13707,0.7083,3.426,1.662,-130.622,-0.516278,3.1126,5.7209,50.0,-1.59205,-9.95229,25.8822,-23.4583,R,3.6524,True,0,0,1,3,1,0,0,0,55526,R,LT,벨라스케즈,79192,HH,5,채은성,False,투심,147,B,True,51,투수 땅볼 아웃 (투수->1루수 송구아웃),투땅,0,0,0
250930_184940,2,5.0,0.183921,0.7083,3.426,1.662,-111.062,0.675635,3.12497,5.95402,50.0,-1.66353,3.67487,21.1837,-37.4999,R,2.1061,True,0,0,2,3,1,0,0,0,55526,R,LT,벨라스케즈,79192,HH,5,채은성,False,커브,125,T,False,23,투수 땅볼 아웃 (투수->1루수 송구아웃),투땅,0,0,0
250930_185000,2,6.0,-0.476052,0.7083,3.426,1.662,-112.597,1.88926,0.448706,5.99166,50.0,-1.62881,9.0583,21.1166,-46.3844,R,1.8697,True,0,0,2,3,1,0,0,0,55526,R,LT,벨라스케즈,79192,HH,5,채은성,False,커브,126,H,False,22,투수 땅볼 아웃 (투수->1루수 송구아웃),투땅,0,0,0
250930_185037,2,1.0,-0.554588,0.7083,3.365,1.632,-120.213,0.644442,1.77112,5.74603,50.0,-1.96465,7.26423,20.2456,-32.6239,L,2.9854,True,0,0,1,0,2,0,0,0,55526,R,LT,벨라스케즈,62700,HH,6,하주석,False,슬라이더,135,S,False,42,1루수 땅볼 아웃 (1루수 1루 터치아웃),1땅,0,0,0
250930_185055,2,2.0,-0.852955,0.7083,3.365,1.632,-118.998,-3.28468,1.28713,5.67253,50.0,-1.95147,5.85268,21.5463,-30.2515,L,1.3403,True,0,0,1,1,2,0,0,0,55526,R,LT,벨라스케즈,62700,HH,6,하주석,False,슬라이더,133,B,False,11,1루수 땅볼 아웃 (1루수 1루 터치아웃),1땅,0,0,0
250930_185110,2,3.0,0.082754,0.7083,3.365,1.632,-131.957,-2.82307,6.57333,5.56749,50.0,-1.70811,-10.0983,25.6677,-20.2705,L,2.8817,True,0,0,1,1,2,0,0,0,55526,R,LT,벨라스케즈,62700,HH,6,하주석,False,투심,148,H,False,43,1루수 땅볼 아웃 (1루수 1루 터치아웃),1땅,0,0,0
250930_185357,3,1.0,0.518706,0.7083,3.387,1.643,-135.334,-1.96242,7.57495,5.8844,50.0,-2.00312,-4.96155,30.0462,-13.8946,R,4.0918,False,0,0,0,1,0,0,0,0,54755,R,HH,와이스,51528,LT,8,손성빈,False,직구,152,B,True,54,유격수 땅볼 아웃 (유격수->1루수 송구아웃),유땅,0,0,0
250930_185409,3,2.0,0.92384,0.7083,3.387,1.643,-116.621,-0.962481,3.73704,5.79573,50.0,-2.2839,15.9152,23.2183,-29.992,R,2.3434,False,0,0,0,2,0,0,0,0,54755,R,HH,와이스,51528,LT,8,손성빈,False,스위퍼,131,B,True,35,유격수 땅볼 아웃 (유격수->1루수 송구아웃),유땅,0,0,0
250930_185432,3,3.0,0.268253,0.7083,3.387,1.643,-134.223,-7.51953,7.85379,5.48295,50.0,-2.04215,-9.49938,28.502,-15.1176,R,1.4202,False,0,0,0,2,0,0,0,0,54755,R,HH,와이스,51528,LT,8,손성빈,False,직구,151,H,False,14,유격수 땅볼 아웃 (유격수->1루수 송구아웃),유땅,0,0,0
250930_185511,3,1.0,-0.306107,0.7083,3.15,1.528,-133.369,-3.91879,6.38405,5.57824,50.0,-2.21776,-7.37744,27.9932,-14.6705,L,2.9252,False,0,0,1,0,1,0,0,0,54755,R,HH,와이스,50500,LT,9,황성빈,False,직구,150,T,False,42,우익수 플라이 아웃,우비,0,0,0
250930_185523,3,2.0,-2.51712,0.7083,3.15,1.528,-124.409,1.24113,1.77564,5.81008,50.0,-2.46794,-9.12696,27.2303,-33.356,L,3.3724,False,0,0,1,1,1,0,0,0,54755,R,HH,와이스,50500,LT,9,황성빈,False,체인지업,139,B,True,51,우익수 플라이 아웃,우비,0,0,0
250930_185540,3,3.0,-0.826526,0.7083,3.15,1.528,-112.264,0.261365,0.711589,6.12881,50.0,-2.0806,8.67238,24.0785,-41.9078,L,1.6431,False,0,0,2,1,1,0,0,0,54755,R,HH,와이스,50500,LT,9,황성빈,False,커브,126,T,False,21,우익수 플라이 아웃,우비,0,0,0
250930_185558,3,4.0,0.694664,0.7083,3.15,1.528,-136.106,-5.07256,8.17883,5.73856,50.0,-1.92789,-6.5883,30.6876,-12.1667,L,2.8938,False,0,0,2,1,1,0,0,0,54755,R,HH,와이스,50500,LT,9,황성빈,False,직구,153,H,False,44,우익수 플라이 아웃,우비,0,0,0
250930_185636,3,1.0,-0.195957,0.7083,3.318,1.609,-119.266,0.137188,2.37901,5.80992,50.0,-2.3744,12.5116,21.3648,-30.2985,R,2.9863,False,0,0,1,0,2,0,0,0,54755,R,HH,와이스,52568,LT,1,한태양,False,스위퍼,134,T,False,43,2루수 플라이 아웃,2비,0,0,0
250930_185649,3,2.0,-0.71685,0.7083,3.318,1.609,-135.608,-2.82113,4.47047,5.77856,50.0,-2.12451,-3.9836,28.972,-17.3125,R,3.4141,False,0,0,2,0,2,0,0,0,54755,R,HH,와이스,52568,LT,1,한태양,False,직구,152,S,True,51,2루수 플라이 아웃,2비,0,0,0
250930_185706,3,3.0,-0.389003,0.7083,3.318,1.609,-137.479,-3.16701,5.30475,5.82778,50.0,-1.94253,-6.16644,30.8792,-13.2364,R,3.6695,False,0,0,2,1,2,0,0,0,54755,R,HH,와이스,52568,LT,1,한태양,False,직구,154,B,True,52,2루수 플라이 아웃,2비,0,0,0
250930_185722,3,4.0,0.101651,0.7083,3.318,1.609,-137.682,-4.58282,6.78092,5.69983,50.0,-1.93848,-7.1211,32.3935,-17.0027,R,2.729,False,0,0,2,1,2,0,0,0,54755,R,HH,와이스,52568,LT,1,한태양,False,직구,154,F,False,33,2루수 플라이 아웃,2비,0,0,0
250930_185805,3,5.0,-0.705369,0.7083,3.318,1.609,-137.044,-5.95215,4.59749,5.69272,50.0,-1.93536,-7.03803,30.5821,-14.9621,R,2.3384,False,0,0,2,1,2,0,0,0,54755,R,HH,와이스,52568,LT,1,한태양,False,직구,154,H,False,32,2루수 플라이 아웃,2비,0,0,0
250930_190024,3,1.0,0.312044,0.7083,3.259,1.581,-114.718,1.13519,2.32666,5.87195,50.0,-1.74458,10.1657,20.0491,-41.1456,R,2.1496,True,0,0,1,0,0,0,0,0,55526,R,LT,벨라스케즈,66704,HH,7,김태연,False,커브,129,T,False,34,투수 땅볼 아웃 (투수->1루수 송구아웃),투땅,0,0,0
250930_190039,3,2.0,-0.112726,0.7083,3.259,1.581,-119.029,-0.976112,2.28834,5.84672,50.0,-1.6895,6.54613,17.5137,-31.616,R,2.4468,True,0,0,2,0,0,0,0,0,55526,R,LT,벨라스케즈,66704,HH,7,김태연,False,슬라이더,134,F,False,33,투수 땅볼 아웃 (투수->1루수 송구아웃),투땅,0,0,0
250930_190112,3,3.0,0.683845,0.7083,3.259,1.581,-115.725,-0.726715,3.02438,5.72282,50.0,-1.61963,9.73813,21.3183,-42.9591,R,1.0306,True,0,0,2,0,0,0,0,0,55526,R,LT,벨라스케즈,66704,HH,7,김태연,False,커브,130,H,False,14,투수 땅볼 아웃 (투수->1루수 송구아웃),투땅,0,0,0
250930_190145,3,1.0,-0.316843,0.7083,3.241,1.572,-133.34,-2.12995,5.14697,5.60926,50.0,-1.57332,-9.80218,29.2104,-17.8138,R,3.4075,True,0,0,0,1,1,0,0,0,55526,R,LT,벨라스케즈,78288,HH,8,최재훈,False,투심,149,B,True,52,우익수 왼쪽 뒤 2루타,우2,0,8,0
250930_190200,3,2.0,0.100409,0.7083,3.241,1.572,-121.221,-1.74336,3.58111,5.75793,50.0,-1.83395,4.79376,20.0906,-30.2797,R,2.2439,True,0,0,1,1,1,0,0,0,55526,R,LT,벨라스케즈,78288,HH,8,최재훈,False,슬라이더,136,T,False,33,우익수 왼쪽 뒤 2루타,우2,0,8,0
250930_190253,3,3.0,-1.13931,0.7083,3.241,1.572,-125.655,0.139757,3.57528,5.77136,50.0,-1.72151,-10.5226,25.0757,-21.2913,R,3.995,True,0,0,1,2,1,0,0,0,55526,R,LT,벨라스케즈,78288,HH,8,최재훈,False,체인지업,140,B,True,51,우익수 왼쪽 뒤 2루타,우2,0,8,0
250930_190312,3,4.0,0.122877,0.7083,3.241,1.572,-133.798,-5.73639,6.04377,5.52206,50.0,-1.55176,-8.77435,28.7685,-18.9054,R,1.8464,True,0,0,1,2,1,0,0,0,55526,R,LT,벨라스케즈,78288,HH,8,최재훈,False,직구,150,H,False,23,우익수 왼쪽 뒤 2루타,우2,0,8,0
250930_190406,3,1.0,0.120854,0.7083,3.34,1.62,-115.628,0.122183,2.41551,5.86828,50.0,-1.65771,7.1831,20.3927,-42.4972,R,1.6147,True,0,0,1,0,1,0,8,0,55526,R,LT,벨라스케즈,64006,HH,9,심우준,True,커브,130,T,False,13,2루수 플라이 아웃,2비,0,8,0
250930_190424,3,2.0,1.0648,0.7083,3.34,1.62,-119.022,-5.67332,4.48357,5.70736,50.0,-1.44025,6.17751,21.4177,-40.5219,R,-0.648,True,0,0,1,1,1,0,8,0,55526,R,LT,벨라스케즈,64006,HH,9,심우준,True,커브,134,B,True,15,2루수 플라이 아웃,2비,0,8,0
250930_190454,3,3.0,-1.19465,0.7083,3.34,1.62,-133.354,-2.80136,2.60026,5.65008,50.0,-1.46152,-9.91333,27.0052,-22.215,R,2.8638,True,0,0,2,1,1,0,8,0,55526,R,LT,벨라스케즈,64006,HH,9,심우준,True,투심,149,F,True,41,2루수 플라이 아웃,2비,0,8,0
250930_190527,3,4.0,-0.042816,0.7083,3.34,1.62,-121.576,-0.800175,2.8362,5.56631,50.0,-1.83652,6.77802,21.1196,-32.8622,R,2.2271,True,0,0,2,1,1,0,8,0,55526,R,LT,벨라스케즈,64006,HH,9,심우준,True,슬라이더,136,H,False,33,2루수 플라이 아웃,2비,0,8,0
250930_190611,3,1.0,0.919901,0.7083,3.21,1.557,-125.527,-2.01576,4.76842,5.70289,50.0,-1.6884,7.76948,25.9071,-31.9105,L,2.1002,True,0,0,0,0,2,0,8,0,55526,R,LT,벨라스케즈,77532,HH,1,손아섭,True,슬라이더,140,H,True,25,2루수 땅볼 아웃 (2루수->1루수 송구아웃),2땅,0,8,0
250930_190835,4,1.0,-0.690483,0.7083,3.457,1.677,-133.766,-1.14344,5.19856,5.80495,50.0,-2.16544,-7.08899,29.0535,-19.1891,L,3.8968,False,0,0,0,1,0,0,0,0,54755,R,HH,와이스,69517,LT,2,고승민,False,직구,150,B,True,52,2루수 땅볼 아웃 (2루수->1루수 송구아웃),2땅,0,0,0
250930_190847,4,2.0,0.066376,0.7083,3.457,1.677,-134.813,-6.3754,8.30623,5.61689,50.0,-2.20642,-12.2152,26.0588,-13.3304,L,2.1718,False,0,0,0,1,0,0,0,0,54755,R,HH,와이스,69517,LT,2,고승민,False,직구,152,H,False,23,2루수 땅볼 아웃 (2루수->1루수 송구아웃),2땅,0,0,0
250930_190921,4,1.0,-1.52926,0.7083,3.579,1.736,-124.512,0.133952,3.75002,5.76873,50.0,-2.41844,-7.73252,24.7246,-40.6701,L,2.2548,False,0,0,0,1,1,0,0,0,54755,R,HH,와이스,54529,LT,3,레이예스,False,체인지업,140,B,True,21,중견수 뒤 2루타,중2,0,3,0
250930_190931,4,2.0,0.428847,0.7083,3.579,1.736,-125.125,-0.670006,8.41811,5.77564,50.0,-2.29792,-8.68726,25.4578,-35.0415,L,2.4447,False,0,0,1,1,1,0,0,0,54755,R,HH,와이스,54529,LT,3,레이예스,False,체인지업,140,F,False,34,중견수 뒤 2루타,중2,0,3,0
250930_190948,4,3.0,-0.389265,0.7083,3.579,1.736,-135.946,-4.09577,6.34944,5.64979,50.0,-2.1079,-9.5186,28.4283,-12.9205,L,3.1322,False,0,0,1,1,1,0,0,0,54755,R,HH,와이스,54529,LT,3,레이예스,False,직구,151,H,False,42,중견수 뒤 2루타,중2,0,3,0
250930_191037,4,1.0,-0.929275,0.7083,3.389,1.644,-136.817,-5.35131,4.57618,5.76732,50.0,-2.04072,-8.64527,32.9865,-14.5369,R,2.6499,False,0,0,0,1,1,0,3,0,54755,R,HH,와이스,78513,LT,4,전준우,True,직구,153,B,False,31,3루수 땅볼 아웃 (3루수->1루수 송구아웃),3땅,0,3,0
250930_191057,4,2.0,-0.288768,0.7083,3.389,1.644,-135.404,-5.47884,6.07997,5.82709,50.0,-1.89486,-9.77861,31.1841,-17.6721,R,2.39,False,0,0,1,1,1,0,3,0,54755,R,HH,와이스,78513,LT,4,전준우,True,직구,151,F,False,32,3루수 땅볼 아웃 (3루수->1루수 송구아웃),3땅,0,3,0
250930_191121,4,3.0,0.244952,0.7083,3.389,1.644,-120.187,-3.57865,2.4511,5.77617,50.0,-2.0986,14.3082,21.184,-30.2119,R,1.4027,False,0,0,2,1,1,0,3,0,54755,R,HH,와이스,78513,LT,4,전준우,True,스위퍼,135,F,False,14,3루수 땅볼 아웃 (3루수->1루수 송구아웃),3땅,0,3,0
250930_191147,4,4.0,1.07244,0.7083,3.389,1.644,-120.767,-2.30988,5.67492,5.78549,50.0,-2.26157,10.0504,24.3075,-31.4368,R,1.8402,False,0,0,2,1,1,0,3,0,54755,R,HH,와이스,78513,LT,4,전준우,True,스위퍼,136,H,True,25,3루수 땅볼 아웃 (3루수->1루수 송구아웃),3땅,0,3,0
250930_191224,4,1.0,-0.415263,0.7083,3.459,1.678,-113.066,2.60148,2.3711,6.24984,50.0,-2.16822,6.55066,20.0582,-42.6483,L,2.916,False,0,0,1,0,2,0,3,0,54755,R,HH,와이스,51551,LT,5,나승엽,True,커브,127,T,False,42,중견수 플라이 아웃,중비,0,3,0
250930_191240,4,2.0,0.048547,0.7083,3.459,1.678,-123.64,-2.72943,7.11147,5.74083,50.0,-2.26049,-7.59167,27.2442,-24.4463,L,2.3831,False,0,0,2,0,2,0,3,0,54755,R,HH,와이스,51551,LT,5,나승엽,True,체인지업,139,F,False,33,중견수 플라이 아웃,중비,0,3,0
250930_191303,4,3.0,0.738346,0.7083,3.459,1.678,-136.382,-4.82404,8.68313,5.79013,50.0,-1.93875,-8.44538,31.0827,-12.7669,L,3.0026,False,0,0,2,0,2,0,3,0,54755,R,HH,와이스,51551,LT,5,나승엽,True,직구,153,H,True,45,중견수 플라이 아웃,중비,0,3,0
250930_191540,4,1.0,-0.066439,0.7083,3.417,1.657,-133.756,-8.5378,5.42507,5.52332,50.0,-1.68806,-6.25191,27.7153,-9.41583,L,1.4832,True,0,0,0,1,0,0,0,0,55526,R,LT,벨라스케즈,55703,HH,2,리베라토,False,직구,150,B,False,13,1루수 땅볼 아웃 (1루수->투수 1루 터치아웃),1땅,0,0,0
250930_191554,4,2.0,-0.576995,0.7083,3.417,1.657,-122.032,-0.298209,0.90266,5.85433,50.0,-1.78702,9.51245,20.1118,-29.4045,L,3.0773,True,0,0,1,1,0,0,0,0,55526,R,LT,벨라스케즈,55703,HH,2,리베라토,False,슬라이더,137,S,False,42,1루수 땅볼 아웃 (1루수->투수 1루 터치아웃),1땅,0,0,0
250930_191612,4,3.0,-1.51208,0.7083,3.417,1.657,-120.654,2.11817,-0.993751,5.82903,50.0,-2.09505,11.183,20.4533,-34.5833,L,3.5415,True,0,0,1,2,0,0,0,0,55526,R,LT,벨라스케즈,55703,HH,2,리베라토,False,슬라이더,135,B,True,51,1루수 땅볼 아웃 (1루수->투수 1루 터치아웃),1땅,0,0,0
250930_191631,4,4.0,0.621781,0.7083,3.417,1.657,-112.68,1.49996,2.1374,6.02711,50.0,-1.52687,11.2054,21.3303,-41.3605,L,2.2685,True,0,0,1,2,0,0,0,0,55526,R,LT,벨라스케즈,55703,HH,2,리베라토,False,커브,126,H,False,34,1루수 땅볼 아웃 (1루수->투수 1루 터치아웃),1땅,0,0,0
250930_191707,4,1.0,-1.03724,0.7083,3.17,1.537,-133.707,-2.81417,4.31685,5.56703,50.0,-1.7783,-12.4308,28.2339,-18.5915,L,3.0555,True,0,0,0,1,1,0,0,0,55526,R,LT,벨라스케즈,53764,HH,3,문현빈,False,투심,150,B,False,41,유격수 땅볼 아웃 (유격수->1루수 송구아웃),유땅,0,0,0
250930_191725,4,2.0,-0.551888,0.7083,3.17,1.537,-121.736,-1.93703,2.52813,5.7021,50.0,-1.8456,2.58367,22.2499,-34.7501,L,1.7,True,0,0,0,1,1,0,0,0,55526,R,LT,벨라스케즈,53764,HH,3,문현빈,False,슬라이더,136,H,False,22,유격수 땅볼 아웃 (유격수->1루수 송구아웃),유땅,0,0,0
250930_191807,4,1.0,0.357688,0.7083,3.349,1.624,-115.526,-0.845182,1.87415,5.82956,50.0,-1.58218,11.1526,21.6397,-40.2113,R,1.3412,True,0,0,0,1,2,0,0,0,55526,R,LT,벨라스케즈,69737,HH,4,노시환,False,커브,130,B,False,14,몸에 맞는 볼,사구,4,0,0
250930_191824,4,2.0,0.392131,0.7083,3.349,1.624,-109.266,-2.44108,2.68083,5.78374,50.0,-1.65792,7.06418,20.1596,-39.5715,R,0.0803,True,0,0,0,2,2,0,0,0,55526,R,LT,벨라스케즈,69737,HH,4,노시환,False,커브,122,B,True,14,몸에 맞는 볼,사구,4,0,0
250930_191850,4,3.0,-0.356279,0.7083,3.349,1.624,-132.912,-2.93906,3.58819,5.66657,50.0,-1.66731,-0.99159,26.9423,-14.0261,R,3.439,True,0,0,1,2,2,0,0,0,55526,R,LT,벨라스케즈,69737,HH,4,노시환,False,직구,149,F,True,52,몸에 맞는 볼,사구,4,0,0
250930_191916,4,4.0,-2.26497,0.7083,3.349,1.624,-122.461,1.61636,1.0847,5.75643,50.0,-1.77192,-10.7624,24.0552,-26.4518,R,4.0436,True,0,0,1,3,2,0,0,0,55526,R,LT,벨라스케즈,69737,HH,4,노시환,False,체인지업,137,B,True,51,몸에 맞는 볼,사구,4,0,0
250930_192027,4,1.0,1.0446,0.7083,3.426,1.662,-114.691,-2.76046,4.81483,5.82491,50.0,-1.42135,3.08527,20.706,-39.9665,R,0.44,True,0,0,0,1,2,4,0,0,55526,R,LT,벨라스케즈,79192,HH,5,채은성,True,커브,129,B,True,15,몸에 맞는 볼,사구,5,4,0
250930_192054,4,2.0,1.12447,0.7083,3.426,1.662,-121.671,-1.58235,5.09503,5.7039,50.0,-1.41551,4.70945,17.7169,-28.0163,R,2.5142,True,0,0,0,2,2,4,0,0,55526,R,LT,벨라스케즈,79192,HH,5,채은성,True,슬라이더,137,B,True,35,몸에 맞는 볼,사구,5,4,0
250930_192120,4,3.0,-0.115545,0.7083,3.426,1.662,-132.557,-4.33833,4.75637,5.54767,50.0,-1.53505,-5.64532,27.7902,-16.8199,R,2.5392,True,0,0,1,2,2,4,0,0,55526,R,LT,벨라스케즈,79192,HH,5,채은성,True,직구,148,F,False,33,몸에 맞는 볼,사구,5,4,0
250930_192158,4,4.0,0.4257,0.7083,3.426,1.662,-131.537,-3.98241,6.12277,5.62632,50.0,-1.32318,-8.43269,27.6892,-15.5084,R,2.8264,True,0,0,2,2,2,4,0,0,55526,R,LT,벨라스케즈,79192,HH,5,채은성,True,직구,147,F,False,34,몸에 맞는 볼,사구,5,4,0
250930_192231,4,5.0,-1.82385,0.7083,3.426,1.662,-131.941,0.001887,0.11911,5.74987,50.0,-1.58459,-3.70586,33.0314,-17.1446,R,4.3868,True,0,0,2,3,2,4,0,0,55526,R,LT,벨라스케즈,79192,HH,5,채은성,True,직구,147,B,True,51,몸에 맞는 볼,사구,5,4,0
250930_192545,4,1.0,-0.772144,0.7083,3.365,1.632,-122.494,-2.902,1.0512,5.67197,50.0,-1.86063,7.28788,25.7325,-32.1557,L,1.4952,True,0,0,1,0,2,5,4,0,55526,R,LT,벨라스케즈,62700,HH,6,하주석,True,슬라이더,137,T,False,11,포수 스트라이크 낫 아웃 (포수->1루수 1루 터치아웃),삼진,5,4,0
250930_192610,4,2.0,-0.063358,0.7083,3.365,1.632,-125.074,-6.81916,7.08705,5.43786,50.0,-1.82753,-13.6477,28.7834,-24.5781,L,0.4049,True,0,0,2,0,2,5,4,0,55526,R,LT,벨라스케즈,62700,HH,6,하주석,True,체인지업,141,S,True,13,포수 스트라이크 낫 아웃 (포수->1루수 1루 터치아웃),삼진,5,4,0
250930_192657,4,3.0,0.352228,0.7083,3.365,1.632,-135.829,-8.2916,7.2349,5.49647,50.0,-1.63977,-10.5412,34.1899,-12.6052,L,1.3443,True,0,0,2,0,2,5,4,0,55526,R,LT,벨라스케즈,62700,HH,6,하주석,True,직구,152,F,False,14,포수 스트라이크 낫 아웃 (포수->1루수 1루 터치아웃),삼진,5,4,0
250930_192725,4,4.0,-1.51797,0.7083,3.365,1.632,-133.795,-1.00908,1.50387,5.74753,50.0,-1.77642,-4.32671,28.6768,-15.5495,L,4.1714,True,0,0,2,1,2,5,4,0,55526,R,LT,벨라스케즈,62700,HH,6,하주석,True,직구,150,B,True,51,포수 스트라이크 낫 아웃 (포수->1루수 1루 터치아웃),삼진,5,4,0
250930_192747,4,5.0,0.187678,0.7083,3.365,1.632,-118.932,-3.64273,2.85846,5.75128,50.0,-1.65031,6.43786,22.8626,-42.7722,L,0.0322,True,0,0,3,1,2,5,4,0,55526,R,LT,벨라스케즈,62700,HH,6,하주석,True,커브,133,S,True,13,포수 스트라이크 낫 아웃 (포수->1루수 1루 터치아웃),삼진,5,4,0
250930_192953,5,1.0,-1.34014,0.7083,3.325,1.613,-133.382,-3.3698,3.72661,5.82822,50.0,-2.07094,-9.50011,31.3387,-16.338,R,3.2421,False,0,0,0,1,0,0,0,0,54755,R,HH,와이스,68205,LT,6,전민재,False,직구,149,B,True,41,3루수 땅볼 아웃 (3루수->1루수 송구아웃),3땅,0,0,0
250930_193007,5,2.0,0.131971,0.7083,3.325,1.613,-134.319,-2.57084,8.21539,5.77177,50.0,-2.11511,-12.2588,29.2077,-16.2206,R,3.5474,False,0,0,0,2,0,0,0,0,54755,R,HH,와이스,68205,LT,6,전민재,False,직구,151,B,True,53,3루수 땅볼 아웃 (3루수->1루수 송구아웃),3땅,0,0,0
250930_193020,5,3.0,0.458822,0.7083,3.325,1.613,-132.319,-6.64237,8.02268,5.56502,50.0,-2.03718,-8.17983,26.847,-14.1568,R,1.8541,False,0,0,0,2,0,0,0,0,54755,R,HH,와이스,68205,LT,6,전민재,False,직구,149,H,False,24,3루수 땅볼 아웃 (3루수->1루수 송구아웃),3땅,0,0,0
250930_193053,5,1.0,-1.05701,0.7083,3.36,1.63,-116.922,2.22175,2.22157,5.90488,50.0,-2.51634,5.08076,19.7445,-36.6271,R,3.2768,False,0,0,0,1,1,0,0,0,54755,R,HH,와이스,50150,LT,7,손호영,False,스위퍼,131,B,False,41,삼진 아웃,삼진,0,0,0
250930_193106,5,2.0,0.461013,0.7083,3.36,1.63,-121.26,-0.765248,7.64143,5.77459,50.0,-2.26894,-5.63931,22.8773,-30.5767,R,2.6221,False,0,0,1,1,1,0,0,0,54755,R,HH,와이스,50150,LT,7,손호영,False,체인지업,136,T,False,34,삼진 아웃,삼진,0,0,0
250930_193118,5,3.0,-0.376705,0.7083,3.36,1.63,-134.472,-3.7233,6.37375,5.67558,50.0,-2.13319,-9.40125,33.0736,-15.8796,R,3.01,False,0,0,2,1,1,0,0,0,54755,R,HH,와이스,50150,LT,7,손호영,False,직구,150,F,False,42,삼진 아웃,삼진,0,0,0
250930_193134,5,4.0,0.096087,0.7083,3.36,1.63,-122.805,-1.64748,7.61502,5.74588,50.0,-2.24811,-9.55368,21.8372,-28.9707,R,2.4563,False,0,0,3,1,1,0,0,0,54755,R,HH,와이스,50150,LT,7,손호영,False,체인지업,138,S,False,33,삼진 아웃,삼진,0,0,0
250930_193202,5,1.0,0.303816,0.7083,3.387,1.643,-117.603,-3.20699,4.65742,5.68542,50.0,-2.36031,6.64845,21.1027,-27.0837,R,1.611,False,0,0,1,0,2,0,0,0,54755,R,HH,와이스,51528,LT,8,손성빈,False,스위퍼,132,S,False,14,3루수 땅볼 아웃 (3루수->1루수 송구아웃),3땅,0,0,0
250930_193215,5,2.0,1.26094,0.7083,3.387,1.643,-119.049,-2.00931,4.86306,5.67624,50.0,-2.19443,14.6179,21.9098,-33.0909,R,1.6283,False,0,0,1,1,2,0,0,0,54755,R,HH,와이스,51528,LT,8,손성빈,False,스위퍼,134,B,True,15,3루수 땅볼 아웃 (3루수->1루수 송구아웃),3땅,0,0,0
250930_193227,5,3.0,0.777181,0.7083,3.387,1.643,-120.904,-2.95536,9.41613,5.56186,50.0,-2.2791,-10.4985,23.8073,-34.1077,R,1.1039,False,0,0,1,2,2,0,0,0,54755,R,HH,와이스,51528,LT,8,손성빈,False,체인지업,136,B,True,15,3루수 땅볼 아웃 (3루수->1루수 송구아웃),3땅,0,0,0
250930_193241,5,4.0,0.652174,0.7083,3.387,1.643,-119.881,-4.1075,5.0589,5.57082,50.0,-2.23948,7.93723,21.9478,-26.1747,R,1.3177,False,0,0,2,2,2,0,0,0,54755,R,HH,와이스,51528,LT,8,손성빈,False,스위퍼,135,S,False,14,3루수 땅볼 아웃 (3루수->1루수 송구아웃),3땅,0,0,0
250930_193303,5,5.0,0.494766,0.7083,3.387,1.643,-136.947,-8.28837,7.53446,5.63391,50.0,-1.9667,-5.14038,28.5397,-12.2092,R,1.6007,False,0,0,2,2,2,0,0,0,54755,R,HH,와이스,51528,LT,8,손성빈,False,직구,154,F,False,14,3루수 땅볼 아웃 (3루수->1루수 송구아웃),3땅,0,0,0
250930_193325,5,6.0,0.755877,0.7083,3.387,1.643,-120.299,-2.00023,4.40618,5.79189,50.0,-2.27081,12.719,20.9976,-27.3151,R,2.3802,False,0,0,2,2,2,0,0,0,54755,R,HH,와이스,51528,LT,8,손성빈,False,스위퍼,136,H,True,35,3루수 땅볼 아웃 (3루수->1루수 송구아웃),3땅,0,0,0
250930_193544,5,1.0,-0.016835,0.7083,3.259,1.581,-121.949,-0.04209,2.46999,5.89367,50.0,-1.79394,8.42909,21.0481,-27.8574,R,3.3523,True,0,0,0,1,0,0,0,0,55526,R,LT,벨라스케즈,66704,HH,7,김태연,False,슬라이더,137,B,True,53,포수 스트라이크 낫 아웃 (포수 태그아웃),삼진,0,0,0
250930_193558,5,2.0,-0.766865,0.7083,3.259,1.581,-118.297,0.767568,0.524079,5.77609,50.0,-1.84697,9.14887,19.4289,-35.1283,R,2.7361,True,0,0,1,1,0,0,0,0,55526,R,LT,벨라스케즈,66704,HH,7,김태연,False,슬라이더,133,T,False,41,포수 스트라이크 낫 아웃 (포수 태그아웃),삼진,0,0,0
250930_193616,5,3.0,-0.420801,0.7083,3.259,1.581,-119.347,0.795731,0.957941,5.93286,50.0,-1.56471,7.97495,20.4887,-35.9275,R,2.8768,True,0,0,2,1,0,0,0,0,55526,R,LT,벨라스케즈,66704,HH,7,김태연,False,슬라이더,134,F,False,42,포수 스트라이크 낫 아웃 (포수 태그아웃),삼진,0,0,0
250930_193648,5,4.0,1.50298,0.7083,3.259,1.581,-122.335,-6.19782,6.41969,5.68494,50.0,-1.40911,2.49963,22.8924,-27.7365,R,0.5339,True,0,0,3,1,0,0,0,0,55526,R,LT,벨라스케즈,66704,HH,7,김태연,False,슬라이더,137,S,True,15,포수 스트라이크 낫 아웃 (포수 태그아웃),삼진,0,0,0
250930_193724,5,1.0,-0.389751,0.7083,3.241,1.572,-115.098,1.10061,2.13036,5.8887,50.0,-1.75412,4.16829,20.4388,-40.554,R,2.2331,True,0,0,1,0,1,0,0,0,55526,R,LT,벨라스케즈,78288,HH,8,최재훈,False,커브,129,T,False,32,우익수 플라이 아웃,우비,0,0,0
250930_193739,5,2.0,0.566198,0.7083,3.241,1.572,-112.697,1.41003,2.6922,5.99705,50.0,-1.66357,9.5456,21.5369,-39.2336,R,2.4235,True,0,0,1,0,1,0,0,0,55526,R,LT,벨라스케즈,78288,HH,8,최재훈,False,커브,126,H,False,34,우익수 플라이 아웃,우비,0,0,0
250930_193816,5,1.0,0.11156,0.7083,3.34,1.62,-116.609,-0.6474,2.05691,5.86285,50.0,-1.61216,8.38504,22.1731,-39.181,R,1.6436,True,0,0,1,0,2,0,0,0,55526,R,LT,벨라스케즈,64006,HH,9,심우준,False,커브,131,T,False,23,중견수 앞 1루타,중안,9,0,0
250930_193837,5,2.0,-0.052185,0.7083,3.34,1.62,-120.082,1.40284,1.12507,5.84776,50.0,-1.54262,11.1164,21.0495,-38.44,R,2.8547,True,0,0,1,0,2,0,0,0,55526,R,LT,벨라스케즈,64006,HH,9,심우준,False,슬라이더,135,H,False,43,중견수 앞 1루타,중안,9,0,0
250930_193935,5,1.0,0.331843,0.7083,3.21,1.557,-120.479,-1.73255,4.11372,5.86318,50.0,-1.79859,4.35262,18.8721,-32.6441,L,2.1088,True,0,0,1,0,2,9,0,0,55526,R,LT,벨라스케즈,77532,HH,1,손아섭,True,슬라이더,136,T,False,34,2루수 땅볼 아웃 (2루수->1루수 송구아웃),2땅,9,0,0
250930_194025,5,2.0,-0.259926,0.7083,3.21,1.557,-129.47,-4.86678,5.71673,5.52597,50.0,-1.69706,-10.5443,25.2959,-25.3679,L,1.5201,True,0,0,2,0,2,9,0,0,55526,R,LT,벨라스케즈,77532,HH,1,손아섭,True,투심,145,T,False,12,2루수 땅볼 아웃 (2루수->1루수 송구아웃),2땅,9,0,0
250930_194050,5,3.0,-0.201746,0.7083,3.21,1.557,-135.447,-5.08442,4.42547,5.69163,50.0,-1.62427,-3.59157,30.259,-13.4039,L,2.7328,True,0,0,2,0,2,9,0,0,55526,R,LT,벨라스케즈,77532,HH,1,손아섭,True,직구,152,F,False,43,2루수 땅볼 아웃 (2루수->1루수 송구아웃),2땅,9,0,0
250930_194128,5,4.0,0.154909,0.7083,3.21,1.557,-112.941,-0.22163,1.8738,5.84805,50.0,-1.65872,9.31669,19.7006,-41.4362,L,1.3377,True,0,0,2,0,2,9,0,0,55526,R,LT,벨라스케즈,77532,HH,1,손아섭,True,커브,127,H,False,13,2루수 땅볼 아웃 (2루수->1루수 송구아웃),2땅,9,0,0
250930_194531,6,1.0,0.336464,0.7083,3.15,1.528,-111.6,1.32282,4.02621,6.19421,50.0,-2.12474,5.70372,20.1497,-42.8131,L,2.1288,False,0,0,1,0,0,0,0,0,54755,R,HH,와이스,50500,LT,9,황성빈,False,커브,125,T,False,34,2루수 땅볼 아웃 (2루수->1루수 송구아웃),2땅,0,0,0
250930_194548,6,2.0,-0.208995,0.7083,3.15,1.528,-122.193,-2.51683,6.81167,5.69418,50.0,-2.35083,-8.13312,22.3595,-33.5193,L,1.5843,False,0,0,1,0,0,0,0,0,54755,R,HH,와이스,50500,LT,9,황성빈,False,체인지업,137,H,False,23,2루수 땅볼 아웃 (2루수->1루수 송구아웃),2땅,0,0,0
250930_194622,6,1.0,-1.33015,0.7083,3.318,1.609,-118.924,-0.072996,0.79784,5.76504,50.0,-2.45124,8.41379,20.007,-27.4447,R,3.1191,False,0,0,0,1,1,0,0,0,54755,R,HH,와이스,52568,LT,1,한태양,False,스위퍼,133,B,True,41,삼진 아웃,삼진,0,0,0
250930_194634,6,2.0,0.64624,0.7083,3.318,1.609,-117.217,-0.002645,4.53952,5.81412,50.0,-2.42329,11.3512,20.4621,-33.4675,R,2.5179,False,0,0,1,1,1,0,0,0,54755,R,HH,와이스,52568,LT,1,한태양,False,스위퍼,131,T,False,34,삼진 아웃,삼진,0,0,0
250930_194646,6,3.0,-1.01385,0.7083,3.318,1.609,-135.525,-4.51756,4.77678,5.65076,50.0,-2.24292,-8.07544,27.4887,-15.633,R,2.7647,False,0,0,2,1,1,0,0,0,54755,R,HH,와이스,52568,LT,1,한태양,False,직구,151,F,False,41,삼진 아웃,삼진,0,0,0
250930_194710,6,4.0,0.717221,0.7083,3.318,1.609,-118.84,0.674454,3.51802,5.86129,50.0,-2.28189,16.0107,20.281,-33.7295,R,2.9349,False,0,0,3,1,1,0,0,0,54755,R,HH,와이스,52568,LT,1,한태양,False,스위퍼,134,S,True,45,삼진 아웃,삼진,0,0,0
250930_194740,6,1.0,-0.781516,0.7083,3.457,1.677,-133.866,-3.27805,6.17827,5.61935,50.0,-2.27036,-11.98,28.2915,-18.3833,L,2.9476,False,0,0,1,0,2,0,0,0,54755,R,HH,와이스,69517,LT,2,고승민,False,직구,150,T,False,41,2루수 땅볼 아웃 (2루수->1루수 송구아웃),2땅,0,0,0
250930_194752,6,2.0,-0.579797,0.7083,3.457,1.677,-122.627,-3.84063,7.03989,5.55215,50.0,-2.41125,-12.71,21.8679,-31.2152,L,1.1221,False,0,0,1,0,2,0,0,0,54755,R,HH,와이스,69517,LT,2,고승민,False,체인지업,138,H,False,12,2루수 땅볼 아웃 (2루수->1루수 송구아웃),2땅,0,0,0
250930_195017,6,1.0,0.167811,0.7083,3.417,1.657,-123.75,-2.36742,5.98666,5.77685,50.0,-1.50142,-9.46921,24.0933,-25.2589,L,2.5375,True,0,0,1,0,0,0,0,0,55526,R,LT,벨라스케즈,55703,HH,2,리베라토,False,체인지업,139,F,False,33,중견수 플라이 아웃,중비,0,0,0
250930_195053,6,2.0,-1.29885,0.7083,3.417,1.657,-125.616,-0.143062,2.68335,5.71202,50.0,-1.53081,-10.3197,27.0371,-26.6424,L,3.339,True,0,0,1,1,0,0,0,0,55526,R,LT,벨라스케즈,55703,HH,2,리베라토,False,체인지업,141,B,True,41,중견수 플라이 아웃,중비,0,0,0
250930_195108,6,3.0,0.322786,0.7083,3.417,1.657,-124.756,-1.88875,3.3405,5.62164,50.0,-1.74368,8.2399,22.9888,-30.3747,L,2.1962,True,0,0,1,1,0,0,0,0,55526,R,LT,벨라스케즈,55703,HH,2,리베라토,False,슬라이더,140,H,False,24,중견수 플라이 아웃,중비,0,0,0
250930_195154,6,1.0,0.225923,0.7083,3.17,1.537,-116.938,-1.65988,3.07613,5.76501,50.0,-1.62714,5.18955,21.7499,-38.9587,L,1.1484,True,0,0,1,0,1,0,0,0,55526,R,LT,벨라스케즈,53764,HH,3,문현빈,False,커브,131,S,False,13,삼진 아웃,삼진,0,0,0
250930_195211,6,2.0,-0.781939,0.7083,3.17,1.537,-133.106,-8.03543,3.11599,5.5207,50.0,-1.50003,-6.49696,26.1999,-11.4812,L,1.5055,True,0,0,2,0,1,0,0,0,55526,R,LT,벨라스케즈,53764,HH,3,문현빈,False,직구,150,T,False,11,삼진 아웃,삼진,0,0,0
250930_195232,6,3.0,-0.808779,0.7083,3.17,1.537,-125.945,-6.36185,1.78256,5.63277,50.0,-1.97977,5.43565,22.096,-25.6791,L,0.8343,True,0,0,2,1,1,0,0,0,55526,R,LT,벨라스케즈,53764,HH,3,문현빈,False,슬라이더,141,B,True,11,삼진 아웃,삼진,0,0,0
250930_195250,6,4.0,0.772535,0.7083,3.17,1.537,-118.276,-0.772345,3.67792,5.8871,50.0,-1.57251,8.00334,20.8675,-40.1038,L,1.6688,True,0,0,3,1,1,0,0,0,55526,R,LT,벨라스케즈,53764,HH,3,문현빈,False,커브,133,S,True,25,삼진 아웃,삼진,0,0,0
250930_195323,6,1.0,-0.705346,0.7083,3.349,1.624,-135.057,-6.45346,4.11793,5.52762,50.0,-1.69335,-7.99214,28.4681,-12.0082,R,2.143,True,0,0,1,0,2,0,0,0,55526,R,LT,벨라스케즈,69737,HH,4,노시환,False,직구,152,F,False,22,우익수 플라이 아웃,우비,0,0,0
250930_195350,6,2.0,0.101752,0.7083,3.349,1.624,-120.88,0.521285,1.74408,5.86258,50.0,-1.5455,10.1531,20.8139,-34.8354,R,2.8732,True,0,0,2,0,2,0,0,0,55526,R,LT,벨라스케즈,69737,HH,4,노시환,False,슬라이더,135,F,False,43,우익수 플라이 아웃,우비,0,0,0
250930_195414,6,3.0,1.45057,0.7083,3.349,1.624,-116.286,-6.76442,4.64208,5.6769,50.0,-1.22284,6.18288,24.1505,-43.5306,R,-1.8037,True,0,0,2,1,2,0,0,0,55526,R,LT,벨라스케즈,69737,HH,4,노시환,False,커브,130,B,True,15,우익수 플라이 아웃,우비,0,0,0
250930_195445,6,4.0,-0.095618,0.7083,3.349,1.624,-113.642,-2.20633,1.82385,5.73846,50.0,-1.46141,5.26896,21.0768,-40.945,R,0.4008,True,0,0,2,2,2,0,0,0,55526,R,LT,벨라스케즈,69737,HH,4,노시환,False,커브,128,B,True,13,우익수 플라이 아웃,우비,0,0,0
250930_195511,6,5.0,-1.0106,0.7083,3.349,1.624,-117.721,-0.955038,-0.612804,5.84988,50.0,-1.59473,9.0522,18.2472,-36.4266,R,1.9084,True,0,0,2,3,2,0,0,0,55526,R,LT,벨라스케즈,69737,HH,4,노시환,False,슬라이더,132,B,False,21,우익수 플라이 아웃,우비,0,0,0
250930_195538,6,6.0,0.861142,0.7083,3.349,1.624,-135.194,-6.38459,6.9679,5.56182,50.0,-1.33881,-6.2385,29.7934,-9.5308,R,2.3845,True,0,0,2,3,2,0,0,0,55526,R,LT,벨라스케즈,69737,HH,4,노시환,False,직구,152,H,True,35,우익수 플라이 아웃,우비,0,0,0
250930_195751,7,1.0,-0.594626,0.7083,3.579,1.736,-122.802,0.130631,6.28029,5.84941,50.0,-2.41,-9.33254,26.3293,-31.6869,L,3.0208,False,0,0,1,0,0,0,0,0,54755,R,HH,와이스,54529,LT,3,레이예스,False,체인지업,138,T,False,42,우익수 플라이 아웃,우비,0,0,0
250930_195803,7,2.0,1.70113,0.7083,3.579,1.736,-136.255,-6.76943,11.9653,5.62389,50.0,-2.01835,-11.341,32.5117,-11.5612,L,2.1652,False,0,0,1,1,0,0,0,0,54755,R,HH,와이스,54529,LT,3,레이예스,False,직구,153,B,True,25,우익수 플라이 아웃,우비,0,0,0
250930_195822,7,3.0,0.530875,0.7083,3.579,1.736,-135.432,-3.97638,8.56296,5.61135,50.0,-2.12901,-8.30264,31.803,-14.8143,L,2.9655,False,0,0,1,1,0,0,0,0,54755,R,HH,와이스,54529,LT,3,레이예스,False,직구,152,H,False,44,우익수 플라이 아웃,우비,0,0,0
250930_195907,7,1.0,-0.936357,0.7083,3.389,1.644,-118.576,-0.486638,0.690135,5.81076,50.0,-2.46032,12.8364,25.8671,-34.9805,R,2.1614,False,0,0,0,1,1,0,0,0,54755,R,HH,와이스,78513,LT,4,전준우,False,스위퍼,133,B,False,21,삼진 아웃,삼진,0,0,0
250930_195919,7,2.0,-0.001644,0.7083,3.389,1.644,-119.22,-1.02372,8.06921,5.68136,50.0,-2.41195,-11.5259,23.6683,-33.9825,R,1.9657,False,0,0,1,1,1,0,0,0,54755,R,HH,와이스,78513,LT,4,전준우,False,체인지업,134,T,False,23,삼진 아웃,삼진,0,0,0
250930_195931,7,3.0,0.81349,0.7083,3.389,1.644,-135.438,-6.72081,9.09367,5.63485,50.0,-1.97098,-9.28367,29.8576,-12.8509,R,2.0884,False,0,0,2,1,1,0,0,0,54755,R,HH,와이스,78513,LT,4,전준우,False,직구,153,T,True,25,삼진 아웃,삼진,0,0,0
250930_195959,7,4.0,0.104164,0.7083,3.389,1.644,-137.549,-6.85822,7.00125,5.68136,50.0,-1.93471,-8.29816,31.1192,-12.6968,R,2.1606,False,0,0,2,1,1,0,0,0,54755,R,HH,와이스,78513,LT,4,전준우,False,직구,155,F,False,23,삼진 아웃,삼진,0,0,0
250930_200017,7,5.0,0.773665,0.7083,3.389,1.644,-137.366,-5.91024,8.42937,5.69388,50.0,-1.88386,-6.9677,27.3662,-15.0542,R,2.3815,False,0,0,2,1,1,0,0,0,54755,R,HH,와이스,78513,LT,4,전준우,False,직구,155,F,True,35,삼진 아웃,삼진,0,0,0
250930_200037,7,6.0,-0.461437,0.7083,3.389,1.644,-123.858,-3.7925,1.6974,5.64555,50.0,-2.33049,13.3498,27.209,-34.1282,R,0.9812,False,0,0,2,1,1,0,0,0,54755,R,HH,와이스,78513,LT,4,전준우,False,스위퍼,139,F,True,12,삼진 아웃,삼진,0,0,0
250930_200059,7,7.0,-0.588157,0.7083,3.389,1.644,-124.394,0.658857,5.89788,5.80088,50.0,-2.24772,-9.09439,24.0149,-35.1524,R,2.9929,False,0,0,2,1,1,0,0,0,54755,R,HH,와이스,78513,LT,4,전준우,False,체인지업,139,F,False,42,삼진 아웃,삼진,0,0,0
250930_200139,7,8.0,0.169974,0.7083,3.389,1.644,-116.079,1.79984,3.07647,6.22474,50.0,-1.94573,7.64943,22.0945,-39.9481,R,2.9897,False,0,0,3,1,1,0,0,0,54755,R,HH,와이스,78513,LT,4,전준우,False,커브,130,T,False,43,삼진 아웃,삼진,0,0,0
250930_200204,7,1.0,-0.008426,0.7083,3.459,1.678,-122.547,-4.02345,7.59815,5.59722,50.0,-2.27364,-10.4471,22.8763,-27.408,L,1.4143,False,0,0,1,0,2,0,0,0,54755,R,HH,와이스,51551,LT,5,나승엽,False,체인지업,135,F,False,13,삼진 아웃,삼진,0,0,0
250930_200221,7,2.0,-1.15904,0.7083,3.459,1.678,-124.553,-2.82425,4.74822,5.71403,50.0,-2.40737,-8.37281,26.6296,-32.2338,L,1.6796,False,0,0,1,1,2,0,0,0,54755,R,HH,와이스,51551,LT,5,나승엽,False,체인지업,140,B,False,21,삼진 아웃,삼진,0,0,0
250930_200240,7,3.0,1.61891,0.7083,3.459,1.678,-121.964,-5.88685,10.449,5.54219,50.0,-2.25612,-5.83723,22.131,-30.7232,L,0.238,False,0,0,1,2,2,0,0,0,54755,R,HH,와이스,51551,LT,5,나승엽,False,체인지업,138,B,True,15,삼진 아웃,삼진,0,0,0
250930_200258,7,4.0,-0.532913,0.7083,3.459,1.678,-115.816,1.28332,1.44383,5.86363,50.0,-2.47928,13.2219,21.9192,-33.0295,L,3.0838,False,0,0,2,2,2,0,0,0,54755,R,HH,와이스,51551,LT,5,나승엽,False,스위퍼,130,T,False,42,삼진 아웃,삼진,0,0,0
250930_200312,7,5.0,0.190867,0.7083,3.459,1.678,-136.393,-3.8313,7.05268,5.66108,50.0,-2.02444,-6.24493,30.0395,-15.6276,L,3.0503,False,0,0,2,2,2,0,0,0,54755,R,HH,와이스,51551,LT,5,나승엽,False,직구,151,F,False,43,삼진 아웃,삼진,0,0,0
250930_200331,7,6.0,-0.653023,0.7083,3.459,1.678,-114.876,2.26123,1.42426,6.17446,50.0,-2.11601,8.26948,20.6365,-40.875,L,2.9927,False,0,0,2,2,2,0,0,0,54755,R,HH,와이스,51551,LT,5,나승엽,False,커브,128,F,False,42,삼진 아웃,삼진,0,0,0
250930_200348,7,7.0,0.101387,0.7083,3.459,1.678,-136.8,-3.82989,7.27725,5.79901,50.0,-2.06077,-8.03141,27.6776,-11.4877,L,3.5133,False,0,0,2,2,2,0,0,0,54755,R,HH,와이스,51551,LT,5,나승엽,False,직구,154,F,True,53,삼진 아웃,삼진,0,0,0
250930_200414,7,8.0,-0.416557,0.7083,3.459,1.678,-123.867,-1.93781,6.92019,5.64984,50.0,-2.48344,-9.37383,25.5006,-36.0688,L,1.6206,False,0,0,3,2,2,0,0,0,54755,R,HH,와이스,51551,LT,5,나승엽,False,체인지업,139,S,False,12,삼진 아웃,삼진,0,0,0
250930_200648,7,1.0,-0.304525,0.7083,3.426,1.662,-130.835,-2.00557,1.20912,6.15572,50.0,-0.399949,-4.89472,31.2968,-12.5948,R,4.3358,True,0,0,0,1,0,0,0,0,68242,R,LT,정철원,79192,HH,5,채은성,False,직구,146,B,True,52,좌익수 플라이 아웃,좌비,0,0,0
250930_200705,7,2.0,-0.024437,0.7083,3.426,1.662,-128.263,-4.96719,3.16501,5.91354,50.0,-0.746009,-6.81688,28.2808,-12.6346,R,2.8334,True,0,0,1,1,0,0,0,0,68242,R,LT,정철원,79192,HH,5,채은성,False,직구,144,T,False,33,좌익수 플라이 아웃,좌비,0,0,0
250930_200723,7,3.0,-0.30334,0.7083,3.426,1.662,-113.749,-2.38922,0.96725,6.18804,50.0,-0.6228,-1.14322,18.6039,-34.9169,R,1.4571,True,0,0,2,1,0,0,0,0,68242,R,LT,정철원,79192,HH,5,채은성,False,슬라이더,128,F,False,12,좌익수 플라이 아웃,좌비,0,0,0
250930_200746,7,4.0,-0.595507,0.7083,3.426,1.662,-114.82,1.7627,-0.22441,6.2544,50.0,-0.764237,2.69479,20.1547,-38.8833,R,3.0551,True,0,0,2,1,0,0,0,0,68242,R,LT,정철원,79192,HH,5,채은성,False,슬라이더,129,F,False,42,좌익수 플라이 아웃,좌비,0,0,0
250930_200813,7,5.0,-0.345134,0.7083,3.426,1.662,-115.629,-3.77876,-0.086279,6.07839,50.0,-0.467,1.61583,22.3052,-37.301,R,0.5572,True,0,0,2,1,0,0,0,0,68242,R,LT,정철원,79192,HH,5,채은성,False,슬라이더,130,H,True,12,좌익수 플라이 아웃,좌비,0,0,0
250930_200854,7,1.0,-0.293133,0.7083,3.365,1.632,-113.966,-3.00245,-0.119546,6.04274,50.0,-0.744844,4.96651,20.9743,-35.9921,L,0.8921,True,0,0,1,0,1,0,0,0,68242,R,LT,정철원,62700,HH,6,하주석,False,슬라이더,128,W,True,12,삼진 아웃,삼진,0,0,0
250930_200923,7,2.0,-0.35019,0.7083,3.365,1.632,-115.326,-2.3547,0.925638,6.08406,50.0,-0.65115,-1.1196,20.2493,-37.8584,L,1.1632,True,0,0,2,0,1,0,0,0,68242,R,LT,정철원,62700,HH,6,하주석,False,슬라이더,130,S,False,12,삼진 아웃,삼진,0,0,0
250930_200940,7,3.0,-0.891022,0.7083,3.365,1.632,-116.939,-3.56021,-0.025304,6.19128,50.0,-0.554268,-3.36438,22.29,-22.3487,L,2.3728,True,0,0,3,0,1,0,0,0,68242,R,LT,정철원,62700,HH,6,하주석,False,포크,131,S,False,31,삼진 아웃,삼진,0,0,0
250930_201010,7,1.0,0.125843,0.7083,3.259,1.581,-113.166,-1.14736,1.27238,6.17553,50.0,-0.444963,-0.072544,20.7423,-38.2964,R,1.5709,True,0,0,1,0,2,0,0,0,68242,R,LT,정철원,66704,HH,7,김태연,False,슬라이더,127,T,False,13,유격수 왼쪽 내야안타,유안,7,0,0
250930_201027,7,2.0,0.673327,0.7083,3.259,1.581,-130.226,-5.75381,3.72281,6.00414,50.0,-0.368329,-5.51334,28.7697,-14.3081,R,2.5375,True,0,0,2,0,2,0,0,0,68242,R,LT,정철원,66704,HH,7,김태연,False,직구,146,T,False,34,유격수 왼쪽 내야안타,유안,7,0,0
250930_201043,7,3.0,1.14011,0.7083,3.259,1.581,-116.092,-7.03427,3.25536,6.04686,50.0,-0.374284,0.700352,22.8542,-33.0255,R,-0.4774,True,0,0,2,1,2,0,0,0,68242,R,LT,정철원,66704,HH,7,김태연,False,슬라이더,130,B,True,15,유격수 왼쪽 내야안타,유안,7,0,0
250930_201105,7,4.0,-0.292357,0.7083,3.259,1.581,-115.72,-4.39736,-0.451982,6.03665,50.0,-0.633836,5.50981,20.6771,-38.1963,R,0.1865,True,0,0,2,2,2,0,0,0,68242,R,LT,정철원,66704,HH,7,김태연,False,슬라이더,130,B,True,12,유격수 왼쪽 내야안타,유안,7,0,0
250930_201135,7,5.0,-0.462528,0.7083,3.259,1.581,-117.294,-4.99841,-0.784775,6.16142,50.0,-0.267506,1.55011,21.5131,-20.5431,R,1.9117,True,0,0,2,2,2,0,0,0,68242,R,LT,정철원,66704,HH,7,김태연,False,포크,132,F,False,22,유격수 왼쪽 내야안타,유안,7,0,0
250930_201159,7,6.0,0.361933,0.7083,3.259,1.581,-115.442,-2.79525,1.86894,6.07719,50.0,-0.540824,0.753917,19.2586,-35.3871,R,1.2362,True,0,0,2,2,2,0,0,0,68242,R,LT,정철원,66704,HH,7,김태연,False,슬라이더,129,H,False,14,유격수 왼쪽 내야안타,유안,7,0,0
250930_201247,7,1.0,-0.021803,0.7083,3.241,1.572,-129.961,-6.26435,1.79937,5.91847,50.0,-0.422663,-3.97757,28.9694,-13.6172,R,2.2903,True,0,0,1,0,2,7,0,0,68242,R,LT,정철원,78288,HH,8,최재훈,True,직구,145,T,False,33,2루수 플라이 아웃,2비,7,0,0
250930_201308,7,2.0,-0.053191,0.7083,3.241,1.572,-114.834,-5.1264,0.501663,6.00162,50.0,-0.498181,2.19877,21.1765,-37.352,R,-0.1852,True,0,0,1,1,2,7,0,0,68242,R,LT,정철원,78288,HH,8,최재훈,True,슬라이더,129,B,True,13,2루수 플라이 아웃,2비,7,0,0
250930_201338,7,3.0,1.14604,0.7083,3.241,1.572,-130.439,-8.0645,4.38051,5.85939,50.0,-0.388876,-2.41991,25.6338,-9.84781,R,1.8582,True,0,0,1,2,2,7,0,0,68242,R,LT,정철원,78288,HH,8,최재훈,True,직구,147,B,True,25,2루수 플라이 아웃,2비,7,0,0
250930_201421,7,4.0,-0.347461,0.7083,3.241,1.572,-129.16,-4.93061,0.792569,5.98666,50.0,-0.463604,-2.51857,25.4202,-10.4146,R,3.1529,True,0,0,1,2,2,7,0,0,68242,R,LT,정철원,78288,HH,8,최재훈,True,직구,145,H,False,42,2루수 플라이 아웃,2비,7,0,0
250930_201653,8,1.0,1.1018,0.7083,3.325,1.613,-121.402,-4.92909,4.00165,6.07106,50.0,-0.659997,0.792945,22.5096,-23.582,R,1.7878,False,0,0,0,1,0,0,0,0,61666,R,HH,한승혁,68205,LT,6,전민재,False,슬라이더,136,B,True,25,포수 스트라이크 낫 아웃 (포수 태그아웃),삼진,0,0,0
250930_201710,8,2.0,0.823347,0.7083,3.325,1.613,-121.356,-4.42581,2.46632,6.10659,50.0,-0.669318,5.12584,20.3266,-23.2189,R,2.0957,False,0,0,1,1,0,0,0,0,61666,R,HH,한승혁,68205,LT,6,전민재,False,슬라이더,136,T,True,25,포수 스트라이크 낫 아웃 (포수 태그아웃),삼진,0,0,0
250930_201728,8,3.0,0.677604,0.7083,3.325,1.613,-130.524,-7.60993,4.54214,6.0165,50.0,-0.535263,-7.37814,23.6459,-18.8134,R,1.5071,False,0,0,2,1,0,0,0,0,61666,R,HH,한승혁,68205,LT,6,전민재,False,직구,146,F,False,14,포수 스트라이크 낫 아웃 (포수 태그아웃),삼진,0,0,0
250930_201754,8,4.0,-0.325982,0.7083,3.325,1.613,-119.476,0.546386,0.580994,6.33442,50.0,-0.460838,-1.24404,23.5337,-23.721,R,4.305,False,0,0,2,2,0,0,0,0,61666,R,HH,한승혁,68205,LT,6,전민재,False,슬라이더,134,B,True,52,포수 스트라이크 낫 아웃 (포수 태그아웃),삼진,0,0,0
250930_201816,8,5.0,1.4589,0.7083,3.325,1.613,-132.241,-8.3877,6.7106,5.97166,50.0,-0.396495,-9.90393,25.2069,-16.22,R,1.4256,False,0,0,2,3,0,0,0,0,61666,R,HH,한승혁,68205,LT,6,전민재,False,직구,149,B,True,15,포수 스트라이크 낫 아웃 (포수 태그아웃),삼진,0,0,0
250930_201838,8,6.0,0.475049,0.7083,3.325,1.613,-122.637,-7.39451,2.59558,5.91093,50.0,-0.609375,0.025676,21.1696,-25.7268,R,0.4784,False,0,0,3,3,0,0,0,0,61666,R,HH,한승혁,68205,LT,6,전민재,False,슬라이더,137,S,True,14,포수 스트라이크 낫 아웃 (포수 태그아웃),삼진,0,0,0
250930_201909,8,1.0,1.42681,0.7083,3.36,1.63,-121.027,-2.13251,4.35522,6.08553,50.0,-0.55143,1.58071,19.9049,-27.3558,R,2.6643,False,0,0,0,0,1,0,0,0,61666,R,HH,한승혁,50150,LT,7,손호영,False,슬라이더,135,H,True,35,중견수 플라이 아웃,중비,0,0,0
250930_201952,8,1.0,0.811124,0.7083,3.387,1.643,-132.279,-5.41976,5.49996,6.08057,50.0,-0.478527,-11.2156,26.8474,-20.9437,R,2.3234,False,0,0,1,0,2,0,0,0,61666,R,HH,한승혁,51528,LT,8,손성빈,False,직구,148,T,True,35,삼진 아웃,삼진,0,0,0
250930_202009,8,2.0,1.00923,0.7083,3.387,1.643,-133.157,-4.02893,5.83252,6.09414,50.0,-0.423429,-10.9966,28.8297,-21.9207,R,2.8288,False,0,0,1,1,2,0,0,0,61666,R,HH,한승혁,51528,LT,8,손성빈,False,직구,149,B,True,45,삼진 아웃,삼진,0,0,0
250930_202026,8,3.0,0.089511,0.7083,3.387,1.643,-120.736,-4.81539,2.16519,6.12402,50.0,-0.30959,-5.77504,20.4054,-29.0438,R,1.3729,False,0,0,2,1,2,0,0,0,61666,R,HH,한승혁,51528,LT,8,손성빈,False,포크,136,F,False,13,삼진 아웃,삼진,0,0,0
250930_202051,8,4.0,0.124191,0.7083,3.387,1.643,-119.82,-3.60402,3.49873,6.04105,50.0,-0.558491,-8.89524,21.8979,-31.0388,R,1.5444,False,0,0,2,1,2,0,0,0,61666,R,HH,한승혁,51528,LT,8,손성빈,False,포크,134,F,False,13,삼진 아웃,삼진,0,0,0
250930_202117,8,5.0,0.542879,0.7083,3.387,1.643,-103.794,2.06709,-0.04101,6.37303,50.0,-0.511494,8.64006,19.9422,-39.1238,R,2.4041,False,0,0,2,1,2,0,0,0,61666,R,HH,한승혁,51528,LT,8,손성빈,False,커브,116,F,False,34,삼진 아웃,삼진,0,0,0
250930_202152,8,6.0,3.03068,0.7083,3.387,1.643,-131.611,-8.69251,10.3481,5.99841,50.0,-0.245966,-9.95518,26.2804,-18.7412,R,1.0943,False,0,0,2,2,2,0,0,0,61666,R,HH,한승혁,51528,LT,8,손성빈,False,직구,148,B,True,15,삼진 아웃,삼진,0,0,0
250930_202217,8,7.0,2.02017,0.7083,3.387,1.643,-123.154,-6.04087,5.25533,5.99965,50.0,-0.502556,3.8207,23.5546,-23.4856,R,1.3414,False,0,0,2,3,2,0,0,0,61666,R,HH,한승혁,51528,LT,8,손성빈,False,슬라이더,138,B,True,15,삼진 아웃,삼진,0,0,0
250930_202239,8,8.0,0.721719,0.7083,3.387,1.643,-129.681,-2.76899,4.68389,6.10857,50.0,-0.473368,-8.40344,25.3581,-19.7937,R,3.4035,False,0,0,3,3,2,0,0,0,61666,R,HH,한승혁,51528,LT,8,손성빈,False,직구,145,T,True,55,삼진 아웃,삼진,0,0,0
250930_202709,8,1.0,0.171944,0.7083,3.34,1.62,-132.685,-4.37186,8.6377,5.5404,50.0,-2.38779,-10.4837,28.1878,-14.0281,R,2.7364,True,0,0,1,0,0,0,0,0,50556,R,LT,최준용,64006,HH,9,심우준,False,직구,149,T,False,33,2루수 플라이 아웃,2비,0,0,0
250930_202722,8,2.0,0.654883,0.7083,3.34,1.62,-134.508,-4.48271,8.68963,5.53929,50.0,-2.17828,-6.67546,28.8625,-11.5749,R,2.9299,True,0,0,2,0,0,0,0,0,50556,R,LT,최준용,64006,HH,9,심우준,False,직구,151,F,False,44,2루수 플라이 아웃,2비,0,0,0
250930_202740,8,3.0,0.468187,0.7083,3.34,1.62,-132.69,-1.82641,8.80299,5.49905,50.0,-2.32816,-8.09184,26.2131,-15.7078,R,3.5763,True,0,0,2,0,0,0,0,0,50556,R,LT,최준용,64006,HH,9,심우준,False,직구,149,H,True,54,2루수 플라이 아웃,2비,0,0,0
250930_202821,8,1.0,0.184344,0.7083,3.21,1.557,-132.596,-4.77308,6.71385,5.50446,50.0,-2.2151,-2.5715,25.2185,-12.428,L,2.6817,True,0,0,1,0,1,0,0,0,50556,R,LT,최준용,77532,HH,1,손아섭,False,직구,149,T,False,43,3루수 땅볼 아웃 (3루수->1루수 송구아웃),3땅,0,0,0
250930_202834,8,2.0,-0.437321,0.7083,3.21,1.557,-134.52,-3.15721,6.43359,5.49743,50.0,-2.38392,-6.98217,27.9911,-16.039,L,3.0717,True,0,0,2,0,1,0,0,0,50556,R,LT,최준용,77532,HH,1,손아섭,False,직구,151,S,False,42,3루수 땅볼 아웃 (3루수->1루수 송구아웃),3땅,0,0,0
250930_202851,8,3.0,-0.322955,0.7083,3.21,1.557,-134.532,-2.71499,7.35772,5.44303,50.0,-2.44318,-9.45575,28.5425,-17.0954,L,3.1066,True,0,0,2,0,1,0,0,0,50556,R,LT,최준용,77532,HH,1,손아섭,False,직구,151,F,False,42,3루수 땅볼 아웃 (3루수->1루수 송구아웃),3땅,0,0,0
250930_202919,8,4.0,-0.528266,0.7083,3.21,1.557,-133.429,-5.8287,5.96113,5.4191,50.0,-2.26642,-7.53704,28.9637,-16.3804,L,1.8836,True,0,0,2,0,1,0,0,0,50556,R,LT,최준용,77532,HH,1,손아섭,False,직구,150,F,False,22,3루수 땅볼 아웃 (3루수->1루수 송구아웃),3땅,0,0,0
250930_202942,8,5.0,-0.39277,0.7083,3.21,1.557,-134.543,-1.15856,6.75737,5.48331,50.0,-2.45578,-7.11691,29.2331,-16.5155,L,3.7908,True,0,0,2,0,1,0,0,0,50556,R,LT,최준용,77532,HH,1,손아섭,False,직구,151,H,True,52,3루수 땅볼 아웃 (3루수->1루수 송구아웃),3땅,0,0,0
250930_203020,8,1.0,1.02903,0.7083,3.417,1.657,-131.911,-7.56605,9.71266,5.38682,50.0,-2.32763,-5.67194,28.3366,-13.1994,L,1.3573,True,0,0,0,1,2,0,0,0,50556,R,LT,최준용,55703,HH,2,리베라토,False,직구,149,B,True,15,유격수 땅볼 아웃 (유격수->1루수 송구아웃),유땅,0,0,0
250930_203037,8,2.0,0.569403,0.7083,3.417,1.657,-133.113,-6.24319,8.66688,5.32354,50.0,-2.37754,-5.34749,28.0271,-13.2973,L,1.8571,True,0,0,1,1,2,0,0,0,50556,R,LT,최준용,55703,HH,2,리베라토,False,직구,150,F,False,24,유격수 땅볼 아웃 (유격수->1루수 송구아웃),유땅,0,0,0
250930_203100,8,3.0,0.25626,0.7083,3.417,1.657,-132.626,-4.68896,7.36158,5.31627,50.0,-2.29421,-3.80258,23.3284,-13.158,L,2.4829,True,0,0,2,1,2,0,0,0,50556,R,LT,최준용,55703,HH,2,리베라토,False,직구,149,S,False,34,유격수 땅볼 아웃 (유격수->1루수 송구아웃),유땅,0,0,0
250930_203120,8,4.0,-0.570768,0.7083,3.417,1.657,-135.647,-2.87704,6.27612,5.42464,50.0,-2.52237,-5.92332,28.7944,-16.3161,L,3.1144,True,0,0,2,1,2,0,0,0,50556,R,LT,최준용,55703,HH,2,리베라토,False,직구,152,H,False,42,유격수 땅볼 아웃 (유격수->1루수 송구아웃),유땅,0,0,0
250930_203355,9,1.0,0.33911,0.7083,3.344,1.622,-121.279,-2.1001,-6.17342,5.36559,50.0,1.71092,13.862,25.0278,-31.5313,R,1.5242,False,0,0,1,0,0,0,0,0,65769,L,HH,김범수,77564,LT,9,김민성,False,포크,136,T,False,14,삼진 아웃,삼진,0,0,0
250930_203443,9,2.0,-0.479026,0.7083,3.344,1.622,-98.9573,3.84016,-3.01097,6.04956,50.0,1.88885,-5.76022,18.588,-39.2467,R,2.5415,False,0,0,2,0,0,0,0,0,65769,L,HH,김범수,77564,LT,9,김민성,False,커브,111,T,False,32,삼진 아웃,삼진,0,0,0
250930_203504,9,3.0,0.033121,0.7083,3.344,1.622,-126.225,-8.58285,-7.47178,5.08103,50.0,1.79582,15.4914,30.8767,-30.4598,R,-1.1555,False,0,0,2,1,0,0,0,0,65769,L,HH,김범수,77564,LT,9,김민성,False,포크,140,B,True,13,삼진 아웃,삼진,0,0,0
250930_203532,9,4.0,1.91233,0.7083,3.344,1.622,-133.404,-4.83686,-2.70485,5.1223,50.0,2.02791,12.3797,34.3597,-16.8827,R,1.896,False,0,0,2,2,0,0,0,0,65769,L,HH,김범수,77564,LT,9,김민성,False,직구,149,B,True,25,삼진 아웃,삼진,0,0,0
250930_203556,9,5.0,1.04705,0.7083,3.344,1.622,-122.815,-2.41416,-4.55994,5.28225,50.0,1.80579,13.1178,25.2262,-31.2957,R,1.4184,False,0,0,3,2,0,0,0,0,65769,L,HH,김범수,77564,LT,9,김민성,False,포크,138,S,True,15,삼진 아웃,삼진,0,0,0
250930_203626,9,1.0,1.01019,0.7083,3.318,1.609,-133.011,-5.8586,-5.24285,5.17485,50.0,1.86743,15.6286,31.9258,-14.3385,R,1.7468,False,0,0,0,1,1,0,0,0,65769,L,HH,김범수,52568,LT,1,한태양,False,직구,150,B,True,25,좌익수 앞 1루타,좌안,1,0,0
250930_203645,9,2.0,0.244162,0.7083,3.318,1.609,-124.268,-6.16034,-6.55964,5.10726,50.0,1.81789,13.3189,24.4387,-31.397,R,-0.243,False,0,0,0,2,1,0,0,0,65769,L,HH,김범수,52568,LT,1,한태양,False,포크,140,B,True,14,좌익수 앞 1루타,좌안,1,0,0
250930_203715,9,3.0,1.68843,0.7083,3.318,1.609,-131.367,-3.76844,-3.33182,5.10586,50.0,1.98482,13.1507,28.0814,-17.1216,R,2.2552,False,0,0,0,3,1,0,0,0,65769,L,HH,김범수,52568,LT,1,한태양,False,직구,147,B,True,35,좌익수 앞 1루타,좌안,1,0,0
250930_203736,9,4.0,0.423966,0.7083,3.318,1.609,-131.64,-3.77593,-7.32587,5.10237,50.0,1.89949,18.1684,27.8524,-18.0178,R,2.1894,False,0,0,1,3,1,0,0,0,65769,L,HH,김범수,52568,LT,1,한태양,False,직구,148,T,False,34,좌익수 앞 1루타,좌안,1,0,0
250930_203754,9,5.0,0.272939,0.7083,3.318,1.609,-131.587,-5.83224,-6.6491,5.03954,50.0,1.82383,13.7056,26.7183,-16.3641,R,1.4483,False,0,0,1,3,1,0,0,0,65769,L,HH,김범수,52568,LT,1,한태양,False,직구,148,H,False,14,좌익수 앞 1루타,좌안,1,0,0
250930_203922,9,1.0,-0.765818,0.7083,3.457,1.677,-132.221,-3.85601,-9.03235,5.15376,50.0,1.67869,14.1277,28.2388,-18.4479,L,2.1937,False,0,0,1,0,1,1,0,0,65769,L,HH,김범수,69517,LT,2,고승민,True,직구,149,T,False,21,1루수 병살타 아웃 (1루수 1루 터치아웃),1병,0,0,0
250930_204008,9,2.0,-0.369047,0.7083,3.457,1.677,-105.55,5.0836,-2.84322,5.93121,50.0,1.72807,-5.79017,21.4537,-41.7151,L,3.2741,False,0,0,2,0,1,1,0,0,65769,L,HH,김범수,69517,LT,2,고승민,True,커브,118,T,False,42,1루수 병살타 아웃 (1루수 1루 터치아웃),1병,0,0,0
250930_204055,9,3.0,-0.559554,0.7083,3.457,1.677,-122.89,-1.87777,-5.3742,5.23617,50.0,1.83264,-1.73842,22.4681,-30.5901,L,1.7015,False,0,0,2,0,1,1,0,0,65769,L,HH,김범수,69517,LT,2,고승민,True,슬라이더,137,F,False,22,1루수 병살타 아웃 (1루수 1루 터치아웃),1병,0,0,0
250930_204152,9,4.0,-0.065363,0.7083,3.457,1.677,-122.314,0.057815,-4.51701,5.32635,50.0,1.84442,-0.061089,25.6037,-29.5509,L,2.6451,False,0,0,2,0,1,1,0,0,65769,L,HH,김범수,69517,LT,2,고승민,True,슬라이더,136,H,False,33,1루수 병살타 아웃 (1루수 1루 터치아웃),1병,0,0,0
250930_204452,9,1.0,-0.628365,0.7083,3.17,1.537,-130.803,-2.43183,4.92985,6.10417,50.0,-1.70217,-11.1805,26.755,-15.0135,L,3.943,True,0,0,0,1,0,0,0,0,62528,R,LT,김원중,53764,HH,3,문현빈,False,직구,147,B,True,52,삼진 아웃,삼진,0,0,0
250930_204510,9,2.0,0.087966,0.7083,3.17,1.537,-116.851,-2.91526,5.93656,6.06221,50.0,-1.67468,-8.72437,19.3162,-29.4158,L,1.8651,True,0,0,1,1,0,0,0,0,62528,R,LT,김원중,53764,HH,3,문현빈,False,포크,131,F,False,23,삼진 아웃,삼진,0,0,0
250930_204533,9,3.0,-0.225199,0.7083,3.17,1.537,-105.029,-0.666019,0.834507,6.13236,50.0,-1.83873,9.97146,19.1467,-38.8387,L,0.97,True,0,0,2,1,0,0,0,0,62528,R,LT,김원중,53764,HH,3,문현빈,False,커브,118,S,True,13,삼진 아웃,삼진,0,0,0
250930_204553,9,4.0,0.266473,0.7083,3.17,1.537,-122.284,-4.85622,6.466,5.82545,50.0,-1.6249,-9.39241,25.4862,-27.5991,L,1.2196,True,0,0,3,1,0,0,0,0,62528,R,LT,김원중,53764,HH,3,문현빈,False,포크,137,S,False,14,삼진 아웃,삼진,0,0,0
250930_204627,9,1.0,-1.00982,0.7083,3.349,1.624,-133.72,-8.17613,4.75552,5.82958,50.0,-1.7876,-14.1906,32.7081,-12.5329,R,1.6513,True,0,0,0,1,1,0,0,0,62528,R,LT,김원중,69737,HH,4,노시환,False,직구,150,B,False,21,우익수 뒤 2루타,우2,0,4,0
250930_204647,9,2.0,0.055867,0.7083,3.349,1.624,-132.22,-5.86485,7.21045,5.94298,50.0,-1.79439,-12.6113,28.0113,-13.3819,R,2.5862,True,0,0,0,1,1,0,0,0,62528,R,LT,김원중,69737,HH,4,노시환,False,직구,149,H,False,33,우익수 뒤 2루타,우2,0,4,0
250930_204927,9,1.0,-0.078625,0.7083,3.426,1.662,-119.273,-4.64064,6.71291,6.0374,50.0,-1.7958,-12.6866,24.9025,-31.3784,R,0.9699,True,0,0,0,1,1,0,4,0,62528,R,LT,김원중,79192,HH,5,채은성,True,포크,134,B,True,13,자동 고의4구,고4,5,4,0
250930_204953,9,2.0,-0.629972,0.7083,3.426,1.662,-131.09,-1.88293,5.311,6.08947,50.0,-1.79857,-11.9079,31.2045,-14.2438,R,4.1929,True,0,0,0,2,1,0,4,0,62528,R,LT,김원중,79192,HH,5,채은성,True,직구,148,B,True,52,자동 고의4구,고4,5,4,0
250930_205050,9,3.0,0.551256,0.7083,3.426,1.662,-119.347,-5.30326,7.6899,5.9105,50.0,-1.72869,-11.1613,24.0395,-29.9729,R,0.7072,True,0,0,0,3,1,0,4,0,62528,R,LT,김원중,79192,HH,5,채은성,True,포크,135,B,True,14,자동 고의4구,고4,5,4,0
250930_205218,9,1.0,-1.13767,0.7083,3.365,1.632,-120.075,-3.32083,4.3847,6.0891,50.0,-1.83784,-12.8333,24.0594,-34.2609,L,1.3958,True,0,0,1,0,1,5,4,0,62528,R,LT,김원중,62700,HH,6,하주석,True,포크,135,S,False,11,1루수 라인드라이브 아웃,1직,5,0,0
250930_205242,9,2.0,-0.252535,0.7083,3.365,1.632,-121.116,-5.43282,6.74256,5.9011,50.0,-1.8248,-14.3197,24.0351,-27.4535,L,1.0048,True,0,0,1,1,1,5,4,0,62528,R,LT,김원중,62700,HH,6,하주석,True,포크,136,B,True,12,1루수 라인드라이브 아웃,1직,5,0,0
250930_205310,9,3.0,-0.374768,0.7083,3.365,1.632,-120.791,-6.85183,5.67995,5.88646,50.0,-1.84505,-10.4768,25.1304,-30.5136,L,0.0494,True,0,0,1,2,1,5,4,0,62528,R,LT,김원중,62700,HH,6,하주석,True,포크,136,B,True,12,1루수 라인드라이브 아웃,1직,5,0,0
250930_205346,9,4.0,-0.242974,0.7083,3.365,1.632,-119.849,-0.91737,5.34336,6.07555,50.0,-1.83278,-7.61106,21.853,-34.1662,L,2.4535,True,0,0,2,2,1,5,4,0,62528,R,LT,김원중,62700,HH,6,하주석,True,포크,134,F,False,32,1루수 라인드라이브 아웃,1직,5,0,0
250930_205425,9,5.0,1.02339,0.7083,3.365,1.632,-132.102,-5.19185,8.8051,5.87417,50.0,-1.64961,-9.99216,28.9479,-15.284,L,2.6238,True,0,0,2,3,1,5,4,0,62528,R,LT,김원중,62700,HH,6,하주석,True,직구,149,B,True,35,1루수 라인드라이브 아웃,1직,5,0,0
250930_205456,9,6.0,-0.206002,0.7083,3.365,1.632,-120.996,-2.47728,6.00502,5.95193,50.0,-1.80714,-10.5509,25.1196,-34.146,L,1.684,True,0,0,2,3,1,5,4,0,62528,R,LT,김원중,62700,HH,6,하주석,True,포크,135,H,False,23,1루수 라인드라이브 아웃,1직,5,0,0
250930_205715,10,1.0,-0.897868,0.7083,3.579,1.736,-133.709,-1.4559,6.02883,5.74141,50.0,-1.93116,-17.3834,28.1786,-19.885,L,3.6616,False,0,0,0,1,0,0,0,0,53754,R,HH,김서현,54529,LT,3,레이예스,False,직구,150,B,True,51,유격수 땅볼 아웃 (유격수->1루수 송구아웃),유땅,0,0,0
250930_205728,10,2.0,-0.517995,0.7083,3.579,1.736,-132.147,-4.93929,5.66711,5.66033,50.0,-1.68374,-13.728,27.4798,-17.5731,L,2.3437,False,0,0,1,1,0,0,0,0,53754,R,HH,김서현,54529,LT,3,레이예스,False,직구,146,F,False,22,유격수 땅볼 아웃 (유격수->1루수 송구아웃),유땅,0,0,0
250930_205745,10,3.0,-0.557823,0.7083,3.579,1.736,-134.774,-0.03131,6.59734,5.77606,50.0,-2.00892,-14.649,29.6014,-19.6221,L,4.2909,False,0,0,1,2,0,0,0,0,53754,R,HH,김서현,54529,LT,3,레이예스,False,직구,151,B,True,52,유격수 땅볼 아웃 (유격수->1루수 송구아웃),유땅,0,0,0
250930_205801,10,4.0,-1.36866,0.7083,3.579,1.736,-132.602,-3.18764,3.77275,5.66958,50.0,-1.82565,-13.4006,26.5453,-21.0062,L,2.8005,False,0,0,1,3,0,0,0,0,53754,R,HH,김서현,54529,LT,3,레이예스,False,직구,149,B,True,31,유격수 땅볼 아웃 (유격수->1루수 송구아웃),유땅,0,0,0
250930_205820,10,5.0,0.150372,0.7083,3.579,1.736,-135.424,-1.42554,8.44711,5.80551,50.0,-1.73229,-18.372,29.13,-15.3377,L,4.1187,False,0,0,2,3,0,0,0,0,53754,R,HH,김서현,54529,LT,3,레이예스,False,직구,152,F,True,53,유격수 땅볼 아웃 (유격수->1루수 송구아웃),유땅,0,0,0
250930_205842,10,6.0,-0.669523,0.7083,3.579,1.736,-133.028,-3.61433,6.02974,5.60245,50.0,-1.90524,-14.6658,31.3526,-19.3292,L,2.6762,False,0,0,2,3,0,0,0,0,53754,R,HH,김서현,54529,LT,3,레이예스,False,직구,149,H,False,32,유격수 땅볼 아웃 (유격수->1루수 송구아웃),유땅,0,0,0
250930_205934,10,1.0,-0.44561,0.7083,3.389,1.644,-132.337,-2.21831,5.05708,5.71485,50.0,-1.46131,-12.567,23.1376,-18.0083,R,3.4691,False,0,0,0,1,1,0,0,0,53754,R,HH,김서현,78513,LT,4,전준우,False,직구,149,B,True,52,3루수 땅볼 아웃 (3루수->1루수 송구아웃),3땅,0,0,0
250930_205949,10,2.0,-0.904849,0.7083,3.389,1.644,-114.75,-0.027889,1.22181,5.57571,50.0,-1.8006,3.52429,19.0901,-37.3397,R,1.7355,False,0,0,1,1,1,0,0,0,53754,R,HH,김서현,78513,LT,4,전준우,False,슬라이더,128,F,False,21,3루수 땅볼 아웃 (3루수->1루수 송구아웃),3땅,0,0,0
250930_210008,10,3.0,-0.570847,0.7083,3.389,1.644,-135.518,-1.64355,4.83898,5.7192,50.0,-1.48687,-12.7809,31.4703,-18.8654,R,3.6769,False,0,0,1,2,1,0,0,0,53754,R,HH,김서현,78513,LT,4,전준우,False,직구,152,B,True,52,3루수 땅볼 아웃 (3루수->1루수 송구아웃),3땅,0,0,0
250930_210026,10,4.0,-0.110438,0.7083,3.389,1.644,-129.804,-6.44483,6.06228,5.48419,50.0,-1.52655,-12.5486,26.033,-18.5463,R,1.4038,False,0,0,1,2,1,0,0,0,53754,R,HH,김서현,78513,LT,4,전준우,False,직구,146,H,False,13,3루수 땅볼 아웃 (3루수->1루수 송구아웃),3땅,0,0,0
250930_210111,10,1.0,-0.082329,0.7083,3.334,1.617,-133.187,-7.28533,5.93516,5.37715,50.0,-1.41529,-12.8572,28.1419,-18.3654,R,1.1158,False,0,0,0,1,2,0,0,0,53754,R,HH,김서현,60523,LT,5,정훈,False,직구,149,B,False,13,포수 스트라이크 낫 아웃 (포수 태그아웃),삼진,0,0,0
250930_210129,10,2.0,1.53123,0.7083,3.334,1.617,-132.186,-6.79329,10.2014,5.60723,50.0,-1.49757,-12.3985,27.694,-15.3816,R,1.7295,False,0,0,0,2,2,0,0,0,53754,R,HH,김서현,60523,LT,5,정훈,False,직구,149,B,True,25,포수 스트라이크 낫 아웃 (포수 태그아웃),삼진,0,0,0
250930_210149,10,3.0,1.64021,0.7083,3.334,1.617,-108.326,-5.55198,6.07227,5.42133,50.0,-1.53502,2.71865,17.2681,-35.0617,R,-1.2811,False,0,0,0,3,2,0,0,0,53754,R,HH,김서현,60523,LT,5,정훈,False,슬라이더,122,B,True,15,포수 스트라이크 낫 아웃 (포수 태그아웃),삼진,0,0,0
250930_210211,10,4.0,0.477009,0.7083,3.334,1.617,-131.804,-4.93252,8.08181,5.59359,50.0,-1.45857,-16.0098,28.8243,-19.128,R,2.1337,False,0,0,1,3,2,0,0,0,53754,R,HH,김서현,60523,LT,5,정훈,False,직구,148,T,False,24,포수 스트라이크 낫 아웃 (포수 태그아웃),삼진,0,0,0
250930_210226,10,5.0,-0.489411,0.7083,3.334,1.617,-130.987,-3.78685,4.7399,5.64448,50.0,-1.53132,-10.6199,26.2584,-14.1995,R,3.0168,False,0,0,2,3,2,0,0,0,53754,R,HH,김서현,60523,LT,5,정훈,False,직구,147,F,False,42,포수 스트라이크 낫 아웃 (포수 태그아웃),삼진,0,0,0
250930_210309,10,6.0,-1.45282,0.7083,3.334,1.617,-133.387,-7.22789,4.23544,5.57223,50.0,-1.74196,-18.037,30.6753,-17.6818,R,1.3723,False,0,0,3,3,2,0,0,0,53754,R,HH,김서현,60523,LT,5,정훈,False,직구,150,S,True,11,포수 스트라이크 낫 아웃 (포수 태그아웃),삼진,0,0,0
250930_210530,10,1.0,-0.486151,0.7083,3.259,1.581,-118.091,-2.23658,5.52904,6.11325,50.0,-1.65577,-13.0572,22.9336,-26.9185,R,2.4895,True,0,0,0,0,0,0,0,0,62528,R,LT,김원중,66704,HH,7,김태연,False,포크,133,H,False,32,2루수 왼쪽 내야안타,2안,7,0,0
250930_210710,10,1.0,0.419318,0.7083,3.241,1.572,-125.138,-3.17162,6.7786,6.14491,50.0,-1.63248,-8.73267,26.764,-16.0826,R,3.4115,True,0,0,0,1,0,7,0,0,62528,R,LT,김원중,78288,HH,8,최재훈,True,직구,140,B,True,54,볼넷,4구,8,7,0
250930_210756,10,2.0,-0.968777,0.7083,3.241,1.572,-128.011,-0.323886,4.68675,6.15184,50.0,-1.77385,-13.341,28.9864,-18.2151,R,4.4913,True,0,0,0,2,0,7,0,0,62528,R,LT,김원중,78288,HH,8,최재훈,True,직구,143,B,True,51,볼넷,4구,8,7,0
250930_210826,10,3.0,0.464091,0.7083,3.241,1.572,-128.513,-2.04769,7.32047,6.01788,50.0,-1.68245,-9.91085,31.2844,-20.1409,R,3.4909,True,0,0,0,3,0,7,0,0,62528,R,LT,김원중,78288,HH,8,최재훈,True,직구,144,B,True,54,볼넷,4구,8,7,0
250930_210855,10,4.0,0.502198,0.7083,3.241,1.572,-129.245,-4.00279,7.97727,6.05848,50.0,-1.70602,-12.248,28.7141,-15.1747,R,3.1919,True,0,0,1,3,0,7,0,0,62528,R,LT,김원중,78288,HH,8,최재훈,True,직구,145,T,False,44,볼넷,4구,8,7,0
250930_210957,10,5.0,0.333207,0.7083,3.241,1.572,-128.699,-3.15868,7.04678,6.03051,50.0,-1.72433,-9.52784,27.8256,-14.3463,R,3.5625,True,0,0,1,4,0,7,0,0,62528,R,LT,김원중,78288,HH,8,최재훈,True,직구,144,B,True,54,볼넷,4구,8,7,0
250930_211117,10,1.0,0.515257,0.7083,3.34,1.62,-125.738,-3.11605,6.84966,6.21763,50.0,-1.66322,-7.4474,25.4827,-15.0094,R,3.6309,True,0,0,0,1,0,8,7,0,62528,R,LT,김원중,64006,HH,9,심우준,True,직구,141,B,True,54,좌익수 앞 1루타,좌안,9,8,7
-1,10,,,,,,,,,,,,,,,,,True,0,0,1,1,0,8,7,0,62528,R,LT,김원중,64006,HH,9,심우준,True,직구,141,V,True,54,좌익수 앞 1루타,좌안,9,8,7
250930_211250,10,3.0,0.876959,0.7083,3.34,1.62,-127.126,-4.25496,8.72132,6.01726,50.0,-1.76201,-10.9279,27.7602,-14.446,R,3.0399,True,0,0,2,1,0,8,7,0,62528,R,LT,김원중,64006,HH,9,심우준,True,직구,143,T,True,45,좌익수 앞 1루타,좌안,9,8,7
250930_211328,10,4.0,0.367312,0.7083,3.34,1.62,-121.078,-5.19574,7.80527,5.90146,50.0,-1.74152,-13.367,23.2935,-31.9168,R,0.7012,True,0,0,2,1,0,8,7,0,62528,R,LT,김원중,64006,HH,9,심우준,True,포크,136,H,True,14,좌익수 앞 1루타,좌안,9,8,7
250930_211500,10,1.0,-0.144337,0.7083,3.21,1.557,-130.6,-3.95087,6.74153,5.91083,50.0,-1.73319,-13.7642,29.1128,-19.081,L,2.7953,True,0,0,1,0,0,9,8,7,62528,R,LT,김원중,77532,HH,1,손아섭,True,직구,147,T,False,43,삼진 아웃,삼진,9,8,7
250930_211521,10,2.0,-0.125755,0.7083,3.21,1.557,-119.507,-5.14076,6.19895,5.94094,50.0,-1.78211,-10.9135,22.4897,-33.0683,L,0.5507,True,0,0,2,0,0,9,8,7,62528,R,LT,김원중,77532,HH,1,손아섭,True,포크,134,S,True,13,삼진 아웃,삼진,9,8,7
250930_211548,10,3.0,-0.70081,0.7083,3.21,1.557,-121.013,-6.02439,4.99721,5.92991,50.0,-1.78774,-11.4787,21.667,-30.6485,L,0.5116,True,0,0,2,0,0,9,8,7,62528,R,LT,김원중,77532,HH,1,손아섭,True,포크,136,F,True,12,삼진 아웃,삼진,9,8,7
250930_211640,10,4.0,-0.417771,0.7083,3.21,1.557,-120.245,-6.32152,5.00313,5.84951,50.0,-1.8092,-8.13659,20.0132,-33.1878,L,0.0363,True,0,0,3,0,0,9,8,7,62528,R,LT,김원중,77532,HH,1,손아섭,True,포크,135,S,True,12,삼진 아웃,삼진,9,8,7
250930_211722,10,1.0,-0.770209,0.7083,3.417,1.657,-119.436,-1.60038,4.91952,6.02211,50.0,-1.9769,-9.83447,23.2028,-33.2961,L,2.1402,True,0,0,0,0,1,9,8,7,62528,R,LT,김원중,55703,HH,2,리베라토,True,포크,134,H,False,21,중견수 앞 1루타,중안,2,9,8
